{
    "metrics": {
        "http_req_duration": {
            "max": 745.285948,
            "p(90)": 379.943243,
            "p(95)": 389.51675879999993,
            "avg": 324.7201285011544,
            "min": 150.575043,
            "med": 334.549884,
            "thresholds": {
                "p(95)<3000": false
            }
        },
        "iteration_duration": {
            "p(90)": 381.16735360000007,
            "p(95)": 390.5711726,
            "avg": 326.1746346489611,
            "min": 151.027952,
            "med": 335.494824,
            "max": 746.011669
        },
        "error_rate": {
            "passes": 0,
            "fails": 2165,
            "thresholds": {
                "rate<0.01": false
            },
            "value": 0
        },
        "http_req_failed": {
            "passes": 0,
            "fails": 2165,
            "value": 0
        },
        "ttfb_ms": {
            "avg": 316.42038125588965,
            "min": 144.231864,
            "med": 326.194932,
            "max": 720.930514,
            "p(90)": 370.75291219999997,
            "p(95)": 381.7919998
        },
        "http_req_connecting": {
            "med": 0,
            "max": 122.435481,
            "p(90)": 0,
            "p(95)": 0,
            "avg": 0.18879572517321014,
            "min": 0
        },
        "iterations": {
            "rate": 27.029575372558767,
            "count": 2165
        },
        "http_reqs": {
            "count": 2165,
            "rate": 27.029575372558767
        },
        "http_req_tls_handshaking": {
            "min": 0,
            "med": 0,
            "max": 163.263161,
            "p(90)": 0,
            "p(95)": 0,
            "avg": 0.5695631990762124
        },
        "http_req_receiving": {
            "p(95)": 24.438540999999997,
            "avg": 8.271030703464177,
            "min": 0.483717,
            "med": 5.917539,
            "max": 425.700163,
            "p(90)": 15.489836000000281
        },
        "total_requests": {
            "count": 2165,
            "rate": 27.029575372558767
        },
        "data_sent": {
            "count": 309450,
            "rate": 3863.4189833895202
        },
        "http_req_sending": {
            "avg": 0.02871654180138568,
            "min": 0.006212,
            "med": 0.02618,
            "max": 0.427416,
            "p(90)": 0.04223160000000001,
            "p(95)": 0.052747599999999846
        },
        "vus": {
            "min": 1,
            "max": 10,
            "value": 1
        },
        "vus_max": {
            "min": 10,
            "max": 10,
            "value": 10
        },
        "http_req_waiting": {
            "med": 326.194932,
            "max": 720.930514,
            "p(90)": 370.75291219999997,
            "p(95)": 381.7919998,
            "avg": 316.42038125588965,
            "min": 144.231864
        },
        "http_req_duration{expected_response:true}": {
            "avg": 324.7201285011544,
            "min": 150.575043,
            "med": 334.549884,
            "max": 745.285948,
            "p(90)": 379.943243,
            "p(95)": 389.51675879999993
        },
        "http_req_blocked": {
            "med": 0.00035,
            "max": 270.171599,
            "p(90)": 0.000571,
            "p(95)": 0.000681,
            "avg": 0.8043547648960804,
            "min": 0.0001
        },
        "checks": {
            "passes": 6495,
            "fails": 0,
            "value": 1
        },
        "data_received": {
            "count": 44896520,
            "rate": 560523.7280857239
        }
    },
    "root_group": {
        "name": "",
        "path": "",
        "id": "d41d8cd98f00b204e9800998ecf8427e",
        "groups": {},
        "checks": {
                "status 200": {
                    "name": "status 200",
                    "path": "::status 200",
                    "id": "fad9fa412b86fcb03bee97c80dcd61f1",
                    "passes": 2165,
                    "fails": 0
                },
                "body not empty": {
                    "fails": 0,
                    "name": "body not empty",
                    "path": "::body not empty",
                    "id": "85076432bd9ecbfcd3fc3c4f2d4bdfe0",
                    "passes": 2165
                },
                "no PHP fatal": {
                    "path": "::no PHP fatal",
                    "id": "2cbe457822e4680cdb27d4f07d8358dc",
                    "passes": 2165,
                    "fails": 0,
                    "name": "no PHP fatal"
                }
            }
    }
}