{
    "root_group": {
        "groups": {},
        "checks": {
                "status 200": {
                    "name": "status 200",
                    "path": "::status 200",
                    "id": "fad9fa412b86fcb03bee97c80dcd61f1",
                    "passes": 1841,
                    "fails": 0
                },
                "body not empty": {
                    "id": "85076432bd9ecbfcd3fc3c4f2d4bdfe0",
                    "passes": 1841,
                    "fails": 0,
                    "name": "body not empty",
                    "path": "::body not empty"
                },
                "no PHP fatal": {
                    "name": "no PHP fatal",
                    "path": "::no PHP fatal",
                    "id": "2cbe457822e4680cdb27d4f07d8358dc",
                    "passes": 1841,
                    "fails": 0
                }
            },
        "name": "",
        "path": "",
        "id": "d41d8cd98f00b204e9800998ecf8427e"
    },
    "metrics": {
        "total_requests": {
            "count": 1841,
            "rate": 22.994973092102175
        },
        "http_req_connecting": {
            "avg": 0.04533722542096686,
            "min": 0,
            "med": 0,
            "max": 19.001896,
            "p(90)": 0,
            "p(95)": 0
        },
        "iterations": {
            "count": 1841,
            "rate": 22.994973092102175
        },
        "http_req_sending": {
            "avg": 0.0341165089625203,
            "min": 0.007935,
            "med": 0.028845,
            "max": 0.446268,
            "p(90)": 0.050835,
            "p(95)": 0.069661
        },
        "ttfb_ms": {
            "p(90)": 209.953587,
            "p(95)": 215.851818,
            "avg": 186.20161940032614,
            "min": 144.708582,
            "med": 182.760269,
            "max": 459.073334
        },
        "checks": {
            "passes": 5523,
            "fails": 0,
            "value": 1
        },
        "http_req_duration": {
            "avg": 192.08738814720272,
            "min": 150.069212,
            "med": 188.561828,
            "max": 463.36092,
            "p(90)": 215.624376,
            "p(95)": 221.529844,
            "thresholds": {
                "p(95)<3000": false
            }
        },
        "http_reqs": {
            "count": 1841,
            "rate": 22.994973092102175
        },
        "vus": {
            "value": 1,
            "min": 1,
            "max": 5
        },
        "http_req_duration{expected_response:true}": {
            "min": 150.069212,
            "med": 188.561828,
            "max": 463.36092,
            "p(90)": 215.624376,
            "p(95)": 221.529844,
            "avg": 192.08738814720272
        },
        "data_received": {
            "count": 38153727,
            "rate": 476558.3518350963
        },
        "iteration_duration": {
            "avg": 192.9317277555676,
            "min": 150.928387,
            "med": 189.313935,
            "max": 541.9005,
            "p(90)": 216.350899,
            "p(95)": 222.780795
        },
        "http_req_waiting": {
            "avg": 186.20161940032614,
            "min": 144.708582,
            "med": 182.760269,
            "max": 459.073334,
            "p(90)": 209.953587,
            "p(95)": 215.851818
        },
        "http_req_blocked": {
            "med": 0.000361,
            "max": 77.709271,
            "p(90)": 0.000641,
            "p(95)": 0.000701,
            "avg": 0.16917954046713796,
            "min": 0.00012
        },
        "data_sent": {
            "count": 259105,
            "rate": 3236.3457376584106
        },
        "error_rate": {
            "passes": 0,
            "fails": 1841,
            "thresholds": {
                "rate<0.01": false
            },
            "value": 0
        },
        "vus_max": {
            "value": 5,
            "min": 5,
            "max": 5
        },
        "http_req_receiving": {
            "min": 1.364644,
            "med": 5.826226,
            "max": 113.373383,
            "p(90)": 6.328792,
            "p(95)": 6.657763,
            "avg": 5.851652237914184
        },
        "http_req_tls_handshaking": {
            "avg": 0.11277044595328625,
            "min": 0,
            "med": 0,
            "max": 43.263667,
            "p(90)": 0,
            "p(95)": 0
        },
        "http_req_failed": {
            "passes": 0,
            "fails": 1841,
            "value": 0
        }
    }
}