{
    "metrics": {
        "http_reqs": {
            "count": 2185,
            "rate": 27.311198071091273
        },
        "total_requests": {
            "count": 2185,
            "rate": 27.311198071091273
        },
        "iteration_duration": {
            "avg": 323.395746604576,
            "min": 150.170103,
            "med": 333.441764,
            "max": 715.480711,
            "p(90)": 374.2166944,
            "p(95)": 382.8096424
        },
        "http_req_connecting": {
            "avg": 0.07312590983981693,
            "min": 0,
            "med": 0,
            "max": 17.587218,
            "p(90)": 0,
            "p(95)": 0
        },
        "http_req_tls_handshaking": {
            "p(95)": 0,
            "avg": 0.21474207048054922,
            "min": 0,
            "med": 0,
            "max": 53.088167,
            "p(90)": 0
        },
        "http_req_waiting": {
            "avg": 316.45528664988507,
            "min": 144.297117,
            "med": 326.880389,
            "max": 705.83515,
            "p(90)": 367.58777680000003,
            "p(95)": 375.7073438
        },
        "http_req_failed": {
            "passes": 0,
            "fails": 2185,
            "value": 0
        },
        "ttfb_ms": {
            "p(90)": 367.58777680000003,
            "p(95)": 375.7073438,
            "avg": 316.45528664988507,
            "min": 144.297117,
            "med": 326.880389,
            "max": 705.83515
        },
        "vus": {
            "max": 10,
            "value": 1,
            "min": 1
        },
        "http_req_duration{expected_response:true}": {
            "avg": 322.4134926805483,
            "min": 149.559078,
            "med": 332.649488,
            "max": 714.505983,
            "p(90)": 373.3657864,
            "p(95)": 381.6553953999999
        },
        "http_req_blocked": {
            "avg": 0.29016834553775916,
            "min": 0.00012,
            "med": 0.000361,
            "max": 72.129055,
            "p(90)": 0.000662,
            "p(95)": 0.0007317999999999997
        },
        "error_rate": {
            "passes": 0,
            "fails": 2185,
            "thresholds": {
                "rate<0.01": false
            },
            "value": 0
        },
        "iterations": {
            "count": 2185,
            "rate": 27.311198071091273
        },
        "http_req_receiving": {
            "avg": 5.9243752105263185,
            "min": 1.035512,
            "med": 5.849252,
            "max": 25.836043,
            "p(90)": 6.765325400000001,
            "p(95)": 7.325534199999995
        },
        "data_sent": {
            "rate": 3931.937563946536,
            "count": 314570
        },
        "http_req_sending": {
            "p(90)": 0.053094000000000044,
            "p(95)": 0.06936019999999994,
            "avg": 0.03383082013729978,
            "min": 0.007494,
            "med": 0.028995,
            "max": 0.332277
        },
        "data_received": {
            "count": 45310480,
            "rate": 566354.0018197801
        },
        "vus_max": {
            "value": 10,
            "min": 10,
            "max": 10
        },
        "http_req_duration": {
            "max": 714.505983,
            "p(90)": 373.3657864,
            "p(95)": 381.6553953999999,
            "avg": 322.4134926805483,
            "min": 149.559078,
            "med": 332.649488,
            "thresholds": {
                "p(95)<3000": false
            }
        },
        "checks": {
            "passes": 6555,
            "fails": 0,
            "value": 1
        }
    },
    "root_group": {
        "name": "",
        "path": "",
        "id": "d41d8cd98f00b204e9800998ecf8427e",
        "groups": {},
        "checks": {
                "status 200": {
                    "name": "status 200",
                    "path": "::status 200",
                    "id": "fad9fa412b86fcb03bee97c80dcd61f1",
                    "passes": 2185,
                    "fails": 0
                },
                "body not empty": {
                    "name": "body not empty",
                    "path": "::body not empty",
                    "id": "85076432bd9ecbfcd3fc3c4f2d4bdfe0",
                    "passes": 2185,
                    "fails": 0
                },
                "no PHP fatal": {
                    "name": "no PHP fatal",
                    "path": "::no PHP fatal",
                    "id": "2cbe457822e4680cdb27d4f07d8358dc",
                    "passes": 2185,
                    "fails": 0
                }
            }
    }
}