{
    "metrics": {
        "http_req_failed": {
            "passes": 0,
            "fails": 2315,
            "value": 0
        },
        "iteration_duration": {
            "med": 1677.639191,
            "max": 2822.17113,
            "p(90)": 1786.525592,
            "p(95)": 1862.313262,
            "avg": 1524.871486425919,
            "min": 161.406272
        },
        "vus_max": {
            "max": 50,
            "value": 50,
            "min": 50
        },
        "error_rate": {
            "passes": 0,
            "fails": 2315,
            "thresholds": {
                "rate<0.01": false
            },
            "value": 0
        },
        "http_req_connecting": {
            "avg": 0.3427173231101512,
            "min": 0,
            "med": 0,
            "max": 17.556762,
            "p(90)": 0,
            "p(95)": 0
        },
        "http_req_waiting": {
            "avg": 1516.3155879062638,
            "min": 155.333784,
            "med": 1671.339771,
            "max": 2815.31735,
            "p(90)": 1779.8487272,
            "p(95)": 1854.3022607999997
        },
        "ttfb_ms": {
            "avg": 1516.3155879062638,
            "min": 155.333784,
            "med": 1671.339771,
            "max": 2815.31735,
            "p(90)": 1779.8487272,
            "p(95)": 1854.3022607999997
        },
        "http_req_tls_handshaking": {
            "avg": 0.9400411183585315,
            "min": 0,
            "med": 0,
            "max": 53.521959,
            "p(90)": 0,
            "p(95)": 0
        },
        "http_req_duration": {
            "p(95)": 1861.5119742,
            "avg": 1522.8505519282949,
            "min": 160.94383,
            "med": 1676.792871,
            "max": 2821.659206,
            "p(90)": 1785.9278035999998,
            "thresholds": {
                "p(95)<3000": false
            }
        },
        "http_req_sending": {
            "max": 0.604388,
            "p(90)": 0.0535526,
            "p(95)": 0.069491,
            "avg": 0.033780619006479454,
            "min": 0.008125,
            "med": 0.029826
        },
        "total_requests": {
            "rate": 28.874385960039707,
            "count": 2315
        },
        "data_sent": {
            "count": 395266,
            "rate": 4930.048829754235
        },
        "http_reqs": {
            "count": 2315,
            "rate": 28.874385960039707
        },
        "http_req_duration{expected_response:true}": {
            "avg": 1522.8505519282949,
            "min": 160.94383,
            "med": 1676.792871,
            "max": 2821.659206,
            "p(90)": 1785.9278035999998,
            "p(95)": 1861.5119742
        },
        "http_req_blocked": {
            "p(90)": 0.000691,
            "p(95)": 0.000801,
            "avg": 1.2874585274298012,
            "min": 0.00011,
            "med": 0.000371,
            "max": 72.093352
        },
        "iterations": {
            "count": 2315,
            "rate": 28.874385960039707
        },
        "http_req_receiving": {
            "p(95)": 7.424357899999998,
            "avg": 6.501183403023763,
            "min": 0.503999,
            "med": 5.864817,
            "max": 546.680959,
            "p(90)": 6.799701999999999
        },
        "data_received": {
            "count": 48235118,
            "rate": 601623.9369157921
        },
        "vus": {
            "max": 50,
            "value": 1,
            "min": 1
        },
        "checks": {
            "fails": 0,
            "passes": 6945,
            "value": 1
        }
    },
    "root_group": {
        "path": "",
        "id": "d41d8cd98f00b204e9800998ecf8427e",
        "groups": {},
        "checks": {
                "status 200": {
                    "name": "status 200",
                    "path": "::status 200",
                    "id": "fad9fa412b86fcb03bee97c80dcd61f1",
                    "passes": 2315,
                    "fails": 0
                },
                "body not empty": {
                    "name": "body not empty",
                    "path": "::body not empty",
                    "id": "85076432bd9ecbfcd3fc3c4f2d4bdfe0",
                    "passes": 2315,
                    "fails": 0
                },
                "no PHP fatal": {
                    "name": "no PHP fatal",
                    "path": "::no PHP fatal",
                    "id": "2cbe457822e4680cdb27d4f07d8358dc",
                    "passes": 2315,
                    "fails": 0
                }
            },
        "name": ""
    }
}