{
    "root_group": {
        "path": "",
        "id": "d41d8cd98f00b204e9800998ecf8427e",
        "groups": {},
        "checks": {
                "status 200": {
                    "path": "::status 200",
                    "id": "fad9fa412b86fcb03bee97c80dcd61f1",
                    "passes": 2376,
                    "fails": 0,
                    "name": "status 200"
                },
                "body not empty": {
                    "path": "::body not empty",
                    "id": "85076432bd9ecbfcd3fc3c4f2d4bdfe0",
                    "passes": 2376,
                    "fails": 0,
                    "name": "body not empty"
                },
                "no PHP fatal": {
                    "path": "::no PHP fatal",
                    "id": "2cbe457822e4680cdb27d4f07d8358dc",
                    "passes": 2376,
                    "fails": 0,
                    "name": "no PHP fatal"
                }
            },
        "name": ""
    },
    "metrics": {
        "checks": {
            "passes": 7128,
            "fails": 0,
            "value": 1
        },
        "iterations": {
            "count": 2376,
            "rate": 29.67943729043627
        },
        "http_req_waiting": {
            "med": 3243.9360125000003,
            "max": 4709.842123,
            "p(90)": 3333.949041,
            "p(95)": 3537.42436225,
            "avg": 2985.2876721637213,
            "min": 149.290181
        },
        "ttfb_ms": {
            "p(90)": 3333.949041,
            "p(95)": 3537.42436225,
            "avg": 2985.2876721637213,
            "min": 149.290181,
            "med": 3243.9360125000003,
            "max": 4709.842123
        },
        "iteration_duration": {
            "p(90)": 3340.8059525,
            "p(95)": 3544.495433,
            "avg": 2994.824195803448,
            "min": 155.840779,
            "med": 3250.940686,
            "max": 4716.703577
        },
        "http_req_blocked": {
            "p(95)": 0.0008235,
            "avg": 2.528167244107735,
            "min": 0.00011,
            "med": 0.000351,
            "max": 100.140434,
            "p(90)": 0.000681
        },
        "http_req_connecting": {
            "p(90)": 0,
            "p(95)": 0,
            "avg": 0.6568939242424247,
            "min": 0,
            "med": 0,
            "max": 17.88298
        },
        "http_reqs": {
            "count": 2376,
            "rate": 29.67943729043627
        },
        "data_sent": {
            "count": 503188,
            "rate": 6285.495240446146
        },
        "http_req_tls_handshaking": {
            "avg": 1.8533953623737374,
            "min": 0,
            "med": 0,
            "max": 60.701602,
            "p(90)": 0,
            "p(95)": 0
        },
        "error_rate": {
            "passes": 0,
            "fails": 2376,
            "thresholds": {
                "rate<0.01": false
            },
            "value": 0
        },
        "total_requests": {
            "count": 2376,
            "rate": 29.67943729043627
        },
        "data_received": {
            "count": 50759178,
            "rate": 634050.437864096
        },
        "vus": {
            "value": 2,
            "min": 2,
            "max": 100
        },
        "http_req_duration": {
            "avg": 2991.644903083332,
            "min": 155.3055,
            "med": 3250.415825,
            "max": 4716.109818,
            "p(90)": 3340.2029175,
            "p(95)": 3543.72908825,
            "thresholds": {
                "p(95)<3000": true
            }
        },
        "http_req_receiving": {
            "p(90)": 7.252015,
            "p(95)": 8.0893485,
            "avg": 6.324605928451192,
            "min": 0.815036,
            "med": 6.192883500000001,
            "max": 21.3633
        },
        "http_req_failed": {
            "passes": 0,
            "fails": 2376,
            "value": 0
        },
        "http_req_sending": {
            "med": 0.027251,
            "max": 0.310055,
            "p(90)": 0.054136500000000004,
            "p(95)": 0.07228875,
            "avg": 0.032624991161616136,
            "min": 0.008375
        },
        "vus_max": {
            "value": 100,
            "min": 100,
            "max": 100
        },
        "http_req_duration{expected_response:true}": {
            "avg": 2991.644903083332,
            "min": 155.3055,
            "med": 3250.415825,
            "max": 4716.109818,
            "p(90)": 3340.2029175,
            "p(95)": 3543.72908825
        }
    }
}