{
    "root_group": {
        "id": "d41d8cd98f00b204e9800998ecf8427e",
        "groups": {},
        "checks": {
                "status 200": {
                    "name": "status 200",
                    "path": "::status 200",
                    "id": "fad9fa412b86fcb03bee97c80dcd61f1",
                    "passes": 2374,
                    "fails": 0
                },
                "body not empty": {
                    "path": "::body not empty",
                    "id": "85076432bd9ecbfcd3fc3c4f2d4bdfe0",
                    "passes": 2374,
                    "fails": 0,
                    "name": "body not empty"
                },
                "no PHP fatal": {
                    "name": "no PHP fatal",
                    "path": "::no PHP fatal",
                    "id": "2cbe457822e4680cdb27d4f07d8358dc",
                    "passes": 2374,
                    "fails": 0
                }
            },
        "name": "",
        "path": ""
    },
    "metrics": {
        "ttfb_ms": {
            "p(90)": 861.8229008000001,
            "p(95)": 886.00995375,
            "avg": 734.6506259810443,
            "min": 144.894045,
            "med": 796.751031,
            "max": 1635.570583
        },
        "iterations": {
            "count": 2374,
            "rate": 29.558592179361476
        },
        "http_req_blocked": {
            "avg": 0.6283724646166821,
            "min": 0.00012,
            "med": 0.000351,
            "max": 70.065271,
            "p(90)": 0.000651,
            "p(95)": 0.000692
        },
        "http_req_waiting": {
            "p(90)": 861.8229008000001,
            "p(95)": 886.00995375,
            "avg": 734.6506259810443,
            "min": 144.894045,
            "med": 796.751031,
            "max": 1635.570583
        },
        "http_req_failed": {
            "fails": 2374,
            "passes": 0,
            "value": 0
        },
        "http_reqs": {
            "count": 2374,
            "rate": 29.558592179361476
        },
        "iteration_duration": {
            "avg": 742.3133987283096,
            "min": 150.894565,
            "med": 803.6285585,
            "max": 1642.792745,
            "p(90)": 868.3829477,
            "p(95)": 892.5053123499999
        },
        "http_req_receiving": {
            "avg": 6.3654155648694175,
            "min": 0.454667,
            "med": 5.918721,
            "max": 429.793258,
            "p(90)": 6.6845844,
            "p(95)": 7.263900449999999
        },
        "http_req_duration": {
            "med": 802.970498,
            "max": 1642.330143,
            "p(90)": 867.7410751,
            "p(95)": 891.9989511499999,
            "avg": 741.0466040067392,
            "min": 150.351953,
            "thresholds": {
                "p(95)<3000": false
            }
        },
        "http_req_connecting": {
            "avg": 0.17090544187026116,
            "min": 0,
            "med": 0,
            "max": 27.06314,
            "p(90)": 0,
            "p(95)": 0
        },
        "vus": {
            "min": 1,
            "max": 25,
            "value": 1
        },
        "data_sent": {
            "count": 363917,
            "rate": 4531.118024488917
        },
        "vus_max": {
            "value": 25,
            "min": 25,
            "max": 25
        },
        "http_req_duration{expected_response:true}": {
            "avg": 741.0466040067392,
            "min": 150.351953,
            "med": 802.970498,
            "max": 1642.330143,
            "p(90)": 867.7410751,
            "p(95)": 891.9989511499999
        },
        "http_req_tls_handshaking": {
            "avg": 0.45465639342881214,
            "min": 0,
            "med": 0,
            "max": 47.486805,
            "p(90)": 0,
            "p(95)": 0
        },
        "total_requests": {
            "count": 2374,
            "rate": 29.558592179361476
        },
        "http_req_sending": {
            "min": 0.007484,
            "med": 0.025508,
            "max": 0.614929,
            "p(90)": 0.04624200000000004,
            "p(95)": 0.06485234999999998,
            "avg": 0.030562460825610833
        },
        "checks": {
            "passes": 7122,
            "fails": 0,
            "value": 1
        },
        "data_received": {
            "count": 50332203,
            "rate": 626684.5248381778
        },
        "error_rate": {
            "passes": 0,
            "fails": 2374,
            "thresholds": {
                "rate<0.01": false
            },
            "value": 0
        }
    }
}