{
    "metrics": {
        "checks": {
            "passes": 6987,
            "fails": 0,
            "value": 1
        },
        "http_req_failed": {
            "passes": 0,
            "fails": 2329,
            "value": 0
        },
        "total_requests": {
            "count": 2329,
            "rate": 29.06365228437745
        },
        "http_req_duration{expected_response:true}": {
            "min": 157.567405,
            "med": 3352.815852,
            "max": 4862.25445,
            "p(90)": 3449.3438218,
            "p(95)": 3695.982048799999,
            "avg": 3051.413193819664
        },
        "data_sent": {
            "count": 496988,
            "rate": 6201.926329544088
        },
        "http_req_blocked": {
            "avg": 2.56258115757836,
            "min": 0.00011,
            "med": 0.000361,
            "max": 99.320087,
            "p(90)": 0.000742,
            "p(95)": 0.000957599999999999
        },
        "data_received": {
            "rate": 608696.8041660035,
            "count": 48777588
        },
        "http_req_duration": {
            "med": 3352.815852,
            "max": 4862.25445,
            "p(90)": 3449.3438218,
            "p(95)": 3695.982048799999,
            "avg": 3051.413193819664,
            "min": 157.567405,
            "thresholds": {
                "p(95)<3000": true
            }
        },
        "http_req_connecting": {
            "med": 0,
            "max": 18.388243,
            "p(90)": 0,
            "p(95)": 0,
            "avg": 0.6784944697294976,
            "min": 0
        },
        "iteration_duration": {
            "avg": 3054.679056849287,
            "min": 158.111732,
            "med": 3353.740094,
            "max": 4863.034492,
            "p(90)": 3449.8740634000005,
            "p(95)": 3696.8966425999993
        },
        "ttfb_ms": {
            "med": 3347.073632,
            "max": 4855.773737,
            "p(90)": 3443.2248474000003,
            "p(95)": 3689.985928599999,
            "avg": 3045.2917722486086,
            "min": 152.14302
        },
        "http_req_receiving": {
            "p(95)": 7.4428627999999994,
            "avg": 6.085257053671101,
            "min": 0.761144,
            "med": 6.054905,
            "max": 28.30794,
            "p(90)": 6.946132800000001
        },
        "http_reqs": {
            "count": 2329,
            "rate": 29.06365228437745
        },
        "http_req_tls_handshaking": {
            "avg": 1.8646413641047657,
            "min": 0,
            "med": 0,
            "max": 61.485553,
            "p(90)": 0,
            "p(95)": 0
        },
        "vus": {
            "value": 1,
            "min": 1,
            "max": 100
        },
        "vus_max": {
            "value": 100,
            "min": 100,
            "max": 100
        },
        "http_req_sending": {
            "avg": 0.03616451738943755,
            "min": 0.008196,
            "med": 0.030417,
            "max": 2.655733,
            "p(90)": 0.054316000000000045,
            "p(95)": 0.07198339999999998
        },
        "http_req_waiting": {
            "p(95)": 3689.985928599999,
            "avg": 3045.2917722486086,
            "min": 152.14302,
            "med": 3347.073632,
            "max": 4855.773737,
            "p(90)": 3443.2248474000003
        },
        "iterations": {
            "count": 2329,
            "rate": 29.06365228437745
        },
        "error_rate": {
            "fails": 2329,
            "passes": 0,
            "thresholds": {
                "rate<0.01": false
            },
            "value": 0
        }
    },
    "root_group": {
        "id": "d41d8cd98f00b204e9800998ecf8427e",
        "groups": {},
        "checks": {
                "status 200": {
                    "name": "status 200",
                    "path": "::status 200",
                    "id": "fad9fa412b86fcb03bee97c80dcd61f1",
                    "passes": 2329,
                    "fails": 0
                },
                "body not empty": {
                    "fails": 0,
                    "name": "body not empty",
                    "path": "::body not empty",
                    "id": "85076432bd9ecbfcd3fc3c4f2d4bdfe0",
                    "passes": 2329
                },
                "no PHP fatal": {
                    "passes": 2329,
                    "fails": 0,
                    "name": "no PHP fatal",
                    "path": "::no PHP fatal",
                    "id": "2cbe457822e4680cdb27d4f07d8358dc"
                }
            },
        "name": "",
        "path": ""
    }
}