{
    "metrics": {
        "http_req_sending": {
            "max": 0.593216,
            "p(90)": 0.053490400000000014,
            "p(95)": 0.07154769999999999,
            "avg": 0.035974094339622634,
            "min": 0.007865,
            "med": 0.029576
        },
        "http_req_receiving": {
            "avg": 5.888164470619943,
            "min": 3.481959,
            "med": 5.923254,
            "max": 15.894608,
            "p(90)": 6.342863,
            "p(95)": 6.6309252999999995
        },
        "vus": {
            "min": 1,
            "max": 5,
            "value": 1
        },
        "iteration_duration": {
            "p(90)": 214.26299400000002,
            "p(95)": 222.2680883,
            "avg": 191.635801171968,
            "min": 150.593494,
            "med": 188.406869,
            "max": 341.37257
        },
        "error_rate": {
            "fails": 1855,
            "passes": 0,
            "thresholds": {
                "rate<0.01": false
            },
            "value": 0
        },
        "http_req_waiting": {
            "avg": 184.83750572344982,
            "min": 143.703689,
            "med": 181.838865,
            "max": 331.553224,
            "p(90)": 207.60878420000003,
            "p(95)": 215.14642089999998
        },
        "data_sent": {
            "count": 261153,
            "rate": 3260.1937719706034
        },
        "iterations": {
            "count": 1855,
            "rate": 23.15753388628685
        },
        "http_req_duration{expected_response:true}": {
            "med": 187.641495,
            "max": 340.538968,
            "p(90)": 213.30611100000002,
            "p(95)": 221.2177773,
            "avg": 190.76164428840974,
            "min": 149.538114
        },
        "vus_max": {
            "min": 5,
            "max": 5,
            "value": 5
        },
        "http_req_failed": {
            "passes": 0,
            "fails": 1855,
            "value": 0
        },
        "total_requests": {
            "count": 1855,
            "rate": 23.15753388628685
        },
        "http_req_blocked": {
            "avg": 0.17769940808625453,
            "min": 0.00012,
            "med": 0.000361,
            "max": 71.201437,
            "p(90)": 0.000641,
            "p(95)": 0.0006946999999999996
        },
        "data_received": {
            "count": 38443657,
            "rate": 479924.6844691583
        },
        "http_reqs": {
            "count": 1855,
            "rate": 23.15753388628685
        },
        "ttfb_ms": {
            "min": 143.703689,
            "med": 181.838865,
            "max": 331.553224,
            "p(90)": 207.60878420000003,
            "p(95)": 215.14642089999998,
            "avg": 184.83750572344982
        },
        "checks": {
            "passes": 5565,
            "fails": 0,
            "value": 1
        },
        "http_req_connecting": {
            "p(95)": 0,
            "avg": 0.04276543719676551,
            "min": 0,
            "med": 0,
            "max": 16.22828,
            "p(90)": 0
        },
        "http_req_tls_handshaking": {
            "avg": 0.13280552021563344,
            "min": 0,
            "med": 0,
            "max": 54.552819,
            "p(90)": 0,
            "p(95)": 0
        },
        "http_req_duration": {
            "max": 340.538968,
            "p(90)": 213.30611100000002,
            "p(95)": 221.2177773,
            "avg": 190.76164428840974,
            "min": 149.538114,
            "med": 187.641495,
            "thresholds": {
                "p(95)<3000": false
            }
        }
    },
    "root_group": {
        "id": "d41d8cd98f00b204e9800998ecf8427e",
        "groups": {},
        "checks": {
                "status 200": {
                    "name": "status 200",
                    "path": "::status 200",
                    "id": "fad9fa412b86fcb03bee97c80dcd61f1",
                    "passes": 1855,
                    "fails": 0
                },
                "body not empty": {
                    "id": "85076432bd9ecbfcd3fc3c4f2d4bdfe0",
                    "passes": 1855,
                    "fails": 0,
                    "name": "body not empty",
                    "path": "::body not empty"
                },
                "no PHP fatal": {
                    "id": "2cbe457822e4680cdb27d4f07d8358dc",
                    "passes": 1855,
                    "fails": 0,
                    "name": "no PHP fatal",
                    "path": "::no PHP fatal"
                }
            },
        "name": "",
        "path": ""
    }
}