{
    "root_group": {
        "name": "",
        "path": "",
        "id": "d41d8cd98f00b204e9800998ecf8427e",
        "groups": {},
        "checks": {
                "status 200": {
                    "id": "fad9fa412b86fcb03bee97c80dcd61f1",
                    "passes": 2409,
                    "fails": 0,
                    "name": "status 200",
                    "path": "::status 200"
                },
                "body not empty": {
                    "name": "body not empty",
                    "path": "::body not empty",
                    "id": "85076432bd9ecbfcd3fc3c4f2d4bdfe0",
                    "passes": 2409,
                    "fails": 0
                },
                "no PHP fatal": {
                    "name": "no PHP fatal",
                    "path": "::no PHP fatal",
                    "id": "2cbe457822e4680cdb27d4f07d8358dc",
                    "passes": 2409,
                    "fails": 0
                }
            }
    },
    "metrics": {
        "http_req_duration": {
            "p(95)": 1811.9279195999998,
            "avg": 1463.034820476959,
            "min": 148.99245,
            "med": 1610.563913,
            "max": 2789.413487,
            "p(90)": 1723.5803988000002,
            "thresholds": {
                "p(95)<3000": false
            }
        },
        "http_req_connecting": {
            "min": 0,
            "med": 0,
            "max": 19.104602,
            "p(90)": 0,
            "p(95)": 0,
            "avg": 0.33135082233291807
        },
        "data_sent": {
            "count": 409106,
            "rate": 5109.378199833866
        },
        "iterations": {
            "count": 2409,
            "rate": 30.08631524201499
        },
        "http_reqs": {
            "count": 2409,
            "rate": 30.08631524201499
        },
        "checks": {
            "passes": 7227,
            "fails": 0,
            "value": 1
        },
        "http_req_duration{expected_response:true}": {
            "med": 1610.563913,
            "max": 2789.413487,
            "p(90)": 1723.5803988000002,
            "p(95)": 1811.9279195999998,
            "avg": 1463.034820476959,
            "min": 148.99245
        },
        "http_req_waiting": {
            "avg": 1456.6390056417595,
            "min": 143.757743,
            "med": 1604.482199,
            "max": 2680.887596,
            "p(90)": 1714.8122228000002,
            "p(95)": 1803.0648316
        },
        "ttfb_ms": {
            "med": 1604.482199,
            "max": 2680.887596,
            "p(90)": 1714.8122228000002,
            "p(95)": 1803.0648316,
            "avg": 1456.6390056417595,
            "min": 143.757743
        },
        "http_req_blocked": {
            "avg": 1.2398352689912786,
            "min": 0.00009,
            "med": 0.00035,
            "max": 85.521066,
            "p(90)": 0.0006238000000000025,
            "p(95)": 0.000702
        },
        "http_req_sending": {
            "min": 0.007444,
            "med": 0.02614,
            "max": 0.396408,
            "p(90)": 0.047141000000000016,
            "p(95)": 0.06737299999999999,
            "avg": 0.031131225819842314
        },
        "iteration_duration": {
            "avg": 1464.9008546915734,
            "min": 149.541274,
            "med": 1611.101196,
            "max": 2790.226469,
            "p(90)": 1724.0445382000003,
            "p(95)": 1812.4550147999998
        },
        "vus": {
            "value": 1,
            "min": 1,
            "max": 50
        },
        "vus_max": {
            "value": 50,
            "min": 50,
            "max": 50
        },
        "http_req_receiving": {
            "med": 6.126188,
            "max": 162.569703,
            "p(90)": 6.9952636,
            "p(95)": 7.630253399999999,
            "avg": 6.364683609381485,
            "min": 0.457463
        },
        "http_req_failed": {
            "passes": 0,
            "fails": 2409,
            "value": 0
        },
        "total_requests": {
            "count": 2409,
            "rate": 30.08631524201499
        },
        "error_rate": {
            "passes": 0,
            "fails": 2409,
            "thresholds": {
                "rate<0.01": false
            },
            "value": 0
        },
        "http_req_tls_handshaking": {
            "max": 52.709988,
            "p(90)": 0,
            "p(95)": 0,
            "avg": 0.8988171992528017,
            "min": 0,
            "med": 0
        },
        "data_received": {
            "count": 51204625,
            "rate": 639501.2410125205
        }
    }
}