{
    "root_group": {
        "id": "d41d8cd98f00b204e9800998ecf8427e",
        "groups": {},
        "checks": {
                "status 200": {
                    "path": "::status 200",
                    "id": "fad9fa412b86fcb03bee97c80dcd61f1",
                    "passes": 2279,
                    "fails": 0,
                    "name": "status 200"
                },
                "body not empty": {
                    "name": "body not empty",
                    "path": "::body not empty",
                    "id": "85076432bd9ecbfcd3fc3c4f2d4bdfe0",
                    "passes": 2279,
                    "fails": 0
                },
                "no PHP fatal": {
                    "path": "::no PHP fatal",
                    "id": "2cbe457822e4680cdb27d4f07d8358dc",
                    "passes": 2279,
                    "fails": 0,
                    "name": "no PHP fatal"
                }
            },
        "name": "",
        "path": ""
    },
    "metrics": {
        "data_received": {
            "rate": 592851.8132340474,
            "count": 47488965
        },
        "checks": {
            "passes": 6837,
            "fails": 0,
            "value": 1
        },
        "data_sent": {
            "count": 399682,
            "rate": 4989.626504115441
        },
        "http_req_sending": {
            "avg": 0.03503413953488376,
            "min": 0.006713,
            "med": 0.030328,
            "max": 0.460648,
            "p(90)": 0.05414820000000006,
            "p(95)": 0.07285109999999996
        },
        "http_req_failed": {
            "passes": 0,
            "fails": 2279,
            "value": 0
        },
        "http_req_connecting": {
            "avg": 0.36091201053093463,
            "min": 0,
            "med": 0,
            "max": 28.294541,
            "p(90)": 0,
            "p(95)": 0
        },
        "iterations": {
            "count": 2279,
            "rate": 28.45101556457156
        },
        "http_req_receiving": {
            "avg": 5.9868407933304075,
            "min": 0.518637,
            "med": 5.949371,
            "max": 23.384535,
            "p(90)": 6.8387970000000005,
            "p(95)": 7.3530489999999995
        },
        "vus_max": {
            "min": 50,
            "max": 50,
            "value": 50
        },
        "http_req_duration{expected_response:true}": {
            "p(95)": 1886.6745002999999,
            "avg": 1547.2103529297965,
            "min": 161.069006,
            "med": 1699.524641,
            "max": 2821.224209,
            "p(90)": 1790.2083508
        },
        "http_req_tls_handshaking": {
            "med": 0,
            "max": 53.083625,
            "p(90)": 0,
            "p(95)": 0,
            "avg": 0.9551390210618691,
            "min": 0
        },
        "iteration_duration": {
            "avg": 1549.246272957439,
            "min": 161.943714,
            "med": 1700.480282,
            "max": 2821.702761,
            "p(90)": 1790.7923068,
            "p(95)": 1888.3242303999998
        },
        "vus": {
            "value": 1,
            "min": 1,
            "max": 50
        },
        "ttfb_ms": {
            "med": 1693.762811,
            "max": 2815.062878,
            "p(90)": 1783.9024530000002,
            "p(95)": 1879.9946321999998,
            "avg": 1541.18847799693,
            "min": 156.687903
        },
        "http_req_blocked": {
            "max": 75.130292,
            "p(90)": 0.0007038000000000025,
            "p(95)": 0.000821,
            "avg": 1.3208160583589221,
            "min": 0.00009,
            "med": 0.000361
        },
        "total_requests": {
            "count": 2279,
            "rate": 28.45101556457156
        },
        "error_rate": {
            "passes": 0,
            "fails": 2279,
            "thresholds": {
                "rate<0.01": false
            },
            "value": 0
        },
        "http_req_duration": {
            "avg": 1547.2103529297965,
            "min": 161.069006,
            "med": 1699.524641,
            "max": 2821.224209,
            "p(90)": 1790.2083508,
            "p(95)": 1886.6745002999999,
            "thresholds": {
                "p(95)<3000": false
            }
        },
        "http_req_waiting": {
            "p(90)": 1783.9024530000002,
            "p(95)": 1879.9946321999998,
            "avg": 1541.18847799693,
            "min": 156.687903,
            "med": 1693.762811,
            "max": 2815.062878
        },
        "http_reqs": {
            "count": 2279,
            "rate": 28.45101556457156
        }
    }
}