{
    "metrics": {
        "vus_max": {
            "value": 25,
            "min": 25,
            "max": 25
        },
        "error_rate": {
            "passes": 0,
            "fails": 2271,
            "thresholds": {
                "rate<0.01": false
            },
            "value": 0
        },
        "http_req_duration": {
            "p(90)": 903.386994,
            "p(95)": 942.9172205,
            "avg": 773.7415833694407,
            "min": 161.436233,
            "med": 838.662692,
            "max": 1702.420662,
            "thresholds": {
                "p(95)<3000": false
            }
        },
        "data_received": {
            "count": 47192907,
            "rate": 589211.6926144036
        },
        "http_req_sending": {
            "avg": 0.034219132981065596,
            "min": 0.007545,
            "med": 0.029426,
            "max": 0.520941,
            "p(90)": 0.052609,
            "p(95)": 0.071846
        },
        "http_req_failed": {
            "passes": 0,
            "fails": 2271,
            "value": 0
        },
        "http_reqs": {
            "count": 2271,
            "rate": 28.353831941891407
        },
        "http_req_receiving": {
            "avg": 5.84795395376486,
            "min": 0.882963,
            "med": 5.792984,
            "max": 19.052325,
            "p(90)": 6.622928,
            "p(95)": 7.0259535
        },
        "ttfb_ms": {
            "avg": 767.859410282694,
            "min": 154.630862,
            "med": 832.72246,
            "max": 1696.398524,
            "p(90)": 897.652471,
            "p(95)": 935.7635605
        },
        "checks": {
            "passes": 6813,
            "fails": 0,
            "value": 1
        },
        "http_req_duration{expected_response:true}": {
            "avg": 773.7415833694407,
            "min": 161.436233,
            "med": 838.662692,
            "max": 1702.420662,
            "p(90)": 903.386994,
            "p(95)": 942.9172205
        },
        "http_req_blocked": {
            "p(95)": 0.000781,
            "avg": 0.6663723826508219,
            "min": 0.00011,
            "med": 0.000371,
            "max": 72.669552,
            "p(90)": 0.000681
        },
        "data_sent": {
            "count": 353989,
            "rate": 4419.614537771113
        },
        "vus": {
            "value": 1,
            "min": 1,
            "max": 25
        },
        "iteration_duration": {
            "med": 839.382337,
            "max": 1702.932827,
            "p(90)": 904.093976,
            "p(95)": 943.378449,
            "avg": 775.1129468630562,
            "min": 162.562445
        },
        "iterations": {
            "count": 2271,
            "rate": 28.353831941891407
        },
        "total_requests": {
            "count": 2271,
            "rate": 28.353831941891407
        },
        "http_req_connecting": {
            "min": 0,
            "med": 0,
            "max": 18.634628,
            "p(90)": 0,
            "p(95)": 0,
            "avg": 0.17836405195948923
        },
        "http_req_waiting": {
            "p(90)": 897.652471,
            "p(95)": 935.7635605,
            "avg": 767.859410282694,
            "min": 154.630862,
            "med": 832.72246,
            "max": 1696.398524
        },
        "http_req_tls_handshaking": {
            "avg": 0.48456202421840616,
            "min": 0,
            "med": 0,
            "max": 54.565243,
            "p(90)": 0,
            "p(95)": 0
        }
    },
    "root_group": {
        "name": "",
        "path": "",
        "id": "d41d8cd98f00b204e9800998ecf8427e",
        "groups": {},
        "checks": {
                "status 200": {
                    "passes": 2271,
                    "fails": 0,
                    "name": "status 200",
                    "path": "::status 200",
                    "id": "fad9fa412b86fcb03bee97c80dcd61f1"
                },
                "body not empty": {
                    "name": "body not empty",
                    "path": "::body not empty",
                    "id": "85076432bd9ecbfcd3fc3c4f2d4bdfe0",
                    "passes": 2271,
                    "fails": 0
                },
                "no PHP fatal": {
                    "name": "no PHP fatal",
                    "path": "::no PHP fatal",
                    "id": "2cbe457822e4680cdb27d4f07d8358dc",
                    "passes": 2271,
                    "fails": 0
                }
            }
    }
}