{
    "root_group": {
        "path": "",
        "id": "d41d8cd98f00b204e9800998ecf8427e",
        "groups": {},
        "checks": {
                "status 200": {
                    "passes": 2280,
                    "fails": 0,
                    "name": "status 200",
                    "path": "::status 200",
                    "id": "fad9fa412b86fcb03bee97c80dcd61f1"
                },
                "body not empty": {
                    "name": "body not empty",
                    "path": "::body not empty",
                    "id": "85076432bd9ecbfcd3fc3c4f2d4bdfe0",
                    "passes": 2280,
                    "fails": 0
                },
                "no PHP fatal": {
                    "name": "no PHP fatal",
                    "path": "::no PHP fatal",
                    "id": "2cbe457822e4680cdb27d4f07d8358dc",
                    "passes": 2280,
                    "fails": 0
                }
            },
        "name": ""
    },
    "metrics": {
        "data_received": {
            "count": 47379284,
            "rate": 591567.468276041
        },
        "http_req_failed": {
            "passes": 0,
            "fails": 2280,
            "value": 0
        },
        "http_req_waiting": {
            "avg": 765.010772073684,
            "min": 146.086266,
            "med": 833.5317935,
            "max": 1789.504449,
            "p(90)": 899.2436344,
            "p(95)": 929.1804607
        },
        "http_req_tls_handshaking": {
            "p(90)": 0,
            "p(95)": 0,
            "avg": 0.48720905482456145,
            "min": 0,
            "med": 0,
            "max": 55.654895
        },
        "http_req_duration{expected_response:true}": {
            "min": 151.064692,
            "med": 839.586781,
            "max": 1795.452519,
            "p(90)": 905.2475126,
            "p(95)": 935.2911780999998,
            "avg": 770.8763719614038
        },
        "http_req_blocked": {
            "min": 0.00011,
            "med": 0.000361,
            "max": 72.293496,
            "p(90)": 0.000681,
            "p(95)": 0.000782,
            "avg": 0.6673038372807087
        },
        "http_req_sending": {
            "avg": 0.031248505701754383,
            "min": 0.006973,
            "med": 0.0284385,
            "max": 0.426734,
            "p(90)": 0.04700489999999999,
            "p(95)": 0.059465549999999874
        },
        "http_req_duration": {
            "med": 839.586781,
            "max": 1795.452519,
            "p(90)": 905.2475126,
            "p(95)": 935.2911780999998,
            "avg": 770.8763719614038,
            "min": 151.064692,
            "thresholds": {
                "p(95)<3000": false
            }
        },
        "iterations": {
            "count": 2280,
            "rate": 28.46758569988887
        },
        "checks": {
            "fails": 0,
            "passes": 6840,
            "value": 1
        },
        "data_sent": {
            "count": 355165,
            "rate": 4434.513190833785
        },
        "error_rate": {
            "passes": 0,
            "fails": 2280,
            "thresholds": {
                "rate<0.01": false
            },
            "value": 0
        },
        "http_reqs": {
            "count": 2280,
            "rate": 28.46758569988887
        },
        "iteration_duration": {
            "max": 1796.016002,
            "p(90)": 905.8589349999999,
            "p(95)": 936.6584091,
            "avg": 772.2247790864053,
            "min": 152.007828,
            "med": 840.428021
        },
        "vus": {
            "value": 1,
            "min": 1,
            "max": 25
        },
        "http_req_connecting": {
            "p(95)": 0,
            "avg": 0.1766156697368421,
            "min": 0,
            "med": 0,
            "max": 18.93151,
            "p(90)": 0
        },
        "vus_max": {
            "min": 25,
            "max": 25,
            "value": 25
        },
        "http_req_receiving": {
            "p(95)": 7.0595574999999995,
            "avg": 5.8343513820175374,
            "min": 1.010764,
            "med": 5.7985045,
            "max": 24.981514,
            "p(90)": 6.595802099999999
        },
        "ttfb_ms": {
            "p(90)": 899.2436344,
            "p(95)": 929.1804607,
            "avg": 765.010772073684,
            "min": 146.086266,
            "med": 833.5317935,
            "max": 1789.504449
        },
        "total_requests": {
            "count": 2280,
            "rate": 28.46758569988887
        }
    }
}