{
    "root_group": {
        "name": "",
        "path": "",
        "id": "d41d8cd98f00b204e9800998ecf8427e",
        "groups": {},
        "checks": {
                "status 200": {
                    "name": "status 200",
                    "path": "::status 200",
                    "id": "fad9fa412b86fcb03bee97c80dcd61f1",
                    "passes": 2282,
                    "fails": 0
                },
                "body not empty": {
                    "name": "body not empty",
                    "path": "::body not empty",
                    "id": "85076432bd9ecbfcd3fc3c4f2d4bdfe0",
                    "passes": 2282,
                    "fails": 0
                },
                "no PHP fatal": {
                    "fails": 0,
                    "name": "no PHP fatal",
                    "path": "::no PHP fatal",
                    "id": "2cbe457822e4680cdb27d4f07d8358dc",
                    "passes": 2282
                }
            }
    },
    "metrics": {
        "http_req_waiting": {
            "min": 153.442332,
            "med": 1670.2570135,
            "max": 3049.168025,
            "p(90)": 1759.5728383,
            "p(95)": 1839.2985501999995,
            "avg": 1539.9435350271688
        },
        "http_req_tls_handshaking": {
            "avg": 0.9660876029798423,
            "min": 0,
            "med": 0,
            "max": 55.638308,
            "p(90)": 0,
            "p(95)": 0
        },
        "http_reqs": {
            "rate": 28.51361213271953,
            "count": 2282
        },
        "http_req_sending": {
            "avg": 0.0321482519719544,
            "min": 0.007043,
            "med": 0.02903,
            "max": 0.412687,
            "p(90)": 0.0497839,
            "p(95)": 0.062439049999999975
        },
        "error_rate": {
            "passes": 0,
            "fails": 2282,
            "thresholds": {
                "rate<0.01": false
            },
            "value": 0
        },
        "http_req_receiving": {
            "avg": 6.105834935144602,
            "min": 0.45651,
            "med": 5.997154500000001,
            "max": 20.475796,
            "p(90)": 6.9974597,
            "p(95)": 7.848444399999998
        },
        "ttfb_ms": {
            "max": 3049.168025,
            "p(90)": 1759.5728383,
            "p(95)": 1839.2985501999995,
            "avg": 1539.9435350271688,
            "min": 153.442332,
            "med": 1670.2570135
        },
        "data_sent": {
            "rate": 4995.529867609786,
            "count": 399802
        },
        "vus_max": {
            "value": 50,
            "min": 50,
            "max": 50
        },
        "http_req_duration": {
            "avg": 1546.0815182142892,
            "min": 158.938447,
            "med": 1676.4190760000001,
            "max": 3054.343886,
            "p(90)": 1765.7882577,
            "p(95)": 1844.0468215499998,
            "thresholds": {
                "p(95)<3000": false
            }
        },
        "http_req_blocked": {
            "avg": 1.3261045666082396,
            "min": 0.00008,
            "med": 0.000351,
            "max": 74.10628,
            "p(90)": 0.0006919000000000001,
            "p(95)": 0.000801
        },
        "checks": {
            "passes": 6846,
            "fails": 0,
            "value": 1
        },
        "data_received": {
            "count": 47551590,
            "rate": 594157.5782445682
        },
        "vus": {
            "min": 1,
            "max": 50,
            "value": 1
        },
        "iterations": {
            "count": 2282,
            "rate": 28.51361213271953
        },
        "http_req_connecting": {
            "p(95)": 0,
            "avg": 0.35502238255915863,
            "min": 0,
            "med": 0,
            "max": 19.195403,
            "p(90)": 0
        },
        "http_req_duration{expected_response:true}": {
            "p(95)": 1844.0468215499998,
            "avg": 1546.0815182142892,
            "min": 158.938447,
            "med": 1676.4190760000001,
            "max": 3054.343886,
            "p(90)": 1765.7882577
        },
        "http_req_failed": {
            "fails": 2282,
            "passes": 0,
            "value": 0
        },
        "total_requests": {
            "count": 2282,
            "rate": 28.51361213271953
        },
        "iteration_duration": {
            "avg": 1548.1570854912352,
            "min": 159.385059,
            "med": 1677.1632925,
            "max": 3054.884936,
            "p(90)": 1766.5950212,
            "p(95)": 1844.6364095999998
        }
    }
}