{
    "root_group": {
        "groups": {},
        "checks": {
                "status 200": {
                    "name": "status 200",
                    "path": "::status 200",
                    "id": "fad9fa412b86fcb03bee97c80dcd61f1",
                    "passes": 2276,
                    "fails": 0
                },
                "body not empty": {
                    "name": "body not empty",
                    "path": "::body not empty",
                    "id": "85076432bd9ecbfcd3fc3c4f2d4bdfe0",
                    "passes": 2276,
                    "fails": 0
                },
                "no PHP fatal": {
                    "name": "no PHP fatal",
                    "path": "::no PHP fatal",
                    "id": "2cbe457822e4680cdb27d4f07d8358dc",
                    "passes": 2276,
                    "fails": 0
                }
            },
        "name": "",
        "path": "",
        "id": "d41d8cd98f00b204e9800998ecf8427e"
    },
    "metrics": {
        "http_req_connecting": {
            "p(90)": 0,
            "p(95)": 0,
            "avg": 0.17429674077328644,
            "min": 0,
            "med": 0,
            "max": 17.349165
        },
        "checks": {
            "passes": 6828,
            "fails": 0,
            "value": 1
        },
        "http_req_waiting": {
            "p(95)": 935.0525572500001,
            "avg": 766.2883051045694,
            "min": 149.870802,
            "med": 832.2075115,
            "max": 1773.747967,
            "p(90)": 897.7483065
        },
        "data_received": {
            "count": 47296484,
            "rate": 590547.8104990856
        },
        "http_req_duration{expected_response:true}": {
            "avg": 772.3451266133566,
            "min": 155.115429,
            "med": 838.3052495,
            "max": 1779.40836,
            "p(90)": 904.173916,
            "p(95)": 941.1741294999999
        },
        "vus": {
            "value": 1,
            "min": 1,
            "max": 25
        },
        "http_req_duration": {
            "avg": 772.3451266133566,
            "min": 155.115429,
            "med": 838.3052495,
            "max": 1779.40836,
            "p(90)": 904.173916,
            "p(95)": 941.1741294999999,
            "thresholds": {
                "p(95)<3000": false
            }
        },
        "http_req_sending": {
            "avg": 0.03266389543058,
            "min": 0.006021,
            "med": 0.0284185,
            "max": 0.442834,
            "p(90)": 0.0517475,
            "p(95)": 0.067858
        },
        "iterations": {
            "count": 2276,
            "rate": 28.41832421826364
        },
        "http_req_tls_handshaking": {
            "avg": 0.4805881814586995,
            "min": 0,
            "med": 0,
            "max": 52.47396,
            "p(90)": 0,
            "p(95)": 0
        },
        "http_req_failed": {
            "passes": 0,
            "fails": 2276,
            "value": 0
        },
        "vus_max": {
            "value": 25,
            "min": 25,
            "max": 25
        },
        "ttfb_ms": {
            "med": 832.2075115,
            "max": 1773.747967,
            "p(90)": 897.7483065,
            "p(95)": 935.0525572500001,
            "avg": 766.2883051045694,
            "min": 149.870802
        },
        "http_reqs": {
            "rate": 28.41832421826364,
            "count": 2276
        },
        "total_requests": {
            "count": 2276,
            "rate": 28.41832421826364
        },
        "iteration_duration": {
            "p(90)": 904.993939,
            "p(95)": 941.899134,
            "avg": 773.6836584969244,
            "min": 155.65613,
            "med": 839.179651,
            "max": 1780.035622
        },
        "error_rate": {
            "passes": 0,
            "fails": 2276,
            "thresholds": {
                "rate<0.01": false
            },
            "value": 0
        },
        "http_req_blocked": {
            "med": 0.000351,
            "max": 86.772657,
            "p(90)": 0.0006615,
            "p(95)": 0.000721,
            "avg": 0.66471885193322,
            "min": 0.00008
        },
        "http_req_receiving": {
            "avg": 6.024157613356776,
            "min": 0.734403,
            "med": 5.9054745,
            "max": 184.942538,
            "p(90)": 6.8281865,
            "p(95)": 7.31269475
        },
        "data_sent": {
            "count": 353997,
            "rate": 4420.035816473055
        }
    }
}