{
    "metrics": {
        "error_rate": {
            "passes": 0,
            "fails": 1849,
            "thresholds": {
                "rate<0.01": false
            },
            "value": 0
        },
        "http_req_blocked": {
            "p(95)": 0.0028095999999999963,
            "avg": 2.5374814126554996,
            "min": 0.000851,
            "med": 0.002054,
            "max": 359.428798,
            "p(90)": 0.002535
        },
        "http_req_receiving": {
            "p(95)": 12.634653999999959,
            "avg": 8.450880965927535,
            "min": 2.554685,
            "med": 7.096334,
            "max": 148.597826,
            "p(90)": 8.9729812
        },
        "http_req_waiting": {
            "avg": 939.2562497339105,
            "min": 195.935739,
            "med": 1020.506626,
            "max": 2062.997563,
            "p(90)": 1057.3221388,
            "p(95)": 1119.6181739999997
        },
        "total_requests": {
            "count": 1849,
            "rate": 23.105379212965524
        },
        "vus": {
            "value": 1,
            "min": 1,
            "max": 25
        },
        "http_reqs": {
            "count": 1849,
            "rate": 23.105379212965524
        },
        "http_req_failed": {
            "fails": 1849,
            "passes": 0,
            "value": 0
        },
        "data_sent": {
            "count": 289829,
            "rate": 3621.7463233718686
        },
        "http_req_duration{expected_response:true}": {
            "med": 1028.783053,
            "max": 2069.858034,
            "p(90)": 1065.1593862,
            "p(95)": 1127.389795,
            "avg": 947.8573884689052,
            "min": 203.223775
        },
        "iterations": {
            "count": 1849,
            "rate": 23.105379212965524
        },
        "http_req_duration": {
            "min": 203.223775,
            "med": 1028.783053,
            "max": 2069.858034,
            "p(90)": 1065.1593862,
            "p(95)": 1127.389795,
            "avg": 947.8573884689052,
            "thresholds": {
                "p(95)<3000": false
            }
        },
        "http_req_tls_handshaking": {
            "max": 339.797209,
            "p(90)": 0,
            "p(95)": 0,
            "avg": 1.6620695332612223,
            "min": 0,
            "med": 0
        },
        "iteration_duration": {
            "p(95)": 1132.9602911999998,
            "avg": 953.7675821103302,
            "min": 206.369073,
            "med": 1032.106695,
            "max": 2072.5942,
            "p(90)": 1070.0011824
        },
        "vus_max": {
            "max": 25,
            "value": 25,
            "min": 25
        },
        "http_req_connecting": {
            "med": 0,
            "max": 129.332306,
            "p(90)": 0,
            "p(95)": 0,
            "avg": 0.8530303455922122,
            "min": 0
        },
        "ttfb_ms": {
            "avg": 939.2562497339105,
            "min": 195.935739,
            "med": 1020.506626,
            "max": 2062.997563,
            "p(90)": 1057.3221388,
            "p(95)": 1119.6181739999997
        },
        "checks": {
            "passes": 5547,
            "fails": 0,
            "value": 1
        },
        "data_received": {
            "count": 38545708,
            "rate": 481672.9044738988
        },
        "http_req_sending": {
            "p(95)": 0.28392539999999983,
            "avg": 0.1502577690643591,
            "min": 0.035557,
            "med": 0.12738,
            "max": 1.418073,
            "p(90)": 0.219678
        }
    },
    "root_group": {
        "name": "",
        "path": "",
        "id": "d41d8cd98f00b204e9800998ecf8427e",
        "groups": {},
        "checks": {
                "status 200": {
                    "name": "status 200",
                    "path": "::status 200",
                    "id": "fad9fa412b86fcb03bee97c80dcd61f1",
                    "passes": 1849,
                    "fails": 0
                },
                "body not empty": {
                    "name": "body not empty",
                    "path": "::body not empty",
                    "id": "85076432bd9ecbfcd3fc3c4f2d4bdfe0",
                    "passes": 1849,
                    "fails": 0
                },
                "no PHP fatal": {
                    "name": "no PHP fatal",
                    "path": "::no PHP fatal",
                    "id": "2cbe457822e4680cdb27d4f07d8358dc",
                    "passes": 1849,
                    "fails": 0
                }
            }
    }
}