{
    "root_group": {
        "id": "d41d8cd98f00b204e9800998ecf8427e",
        "groups": {},
        "checks": {
                "status 200": {
                    "path": "::status 200",
                    "id": "fad9fa412b86fcb03bee97c80dcd61f1",
                    "passes": 1862,
                    "fails": 0,
                    "name": "status 200"
                },
                "body not empty": {
                    "passes": 1862,
                    "fails": 0,
                    "name": "body not empty",
                    "path": "::body not empty",
                    "id": "85076432bd9ecbfcd3fc3c4f2d4bdfe0"
                },
                "no PHP fatal": {
                    "name": "no PHP fatal",
                    "path": "::no PHP fatal",
                    "id": "2cbe457822e4680cdb27d4f07d8358dc",
                    "passes": 1862,
                    "fails": 0
                }
            },
        "name": "",
        "path": ""
    },
    "metrics": {
        "http_reqs": {
            "count": 1862,
            "rate": 23.2374977973178
        },
        "http_req_connecting": {
            "avg": 0.09090617239527389,
            "min": 0,
            "med": 0,
            "max": 17.954326,
            "p(90)": 0,
            "p(95)": 0
        },
        "http_req_failed": {
            "passes": 0,
            "fails": 1862,
            "value": 0
        },
        "http_req_duration": {
            "max": 789.356287,
            "p(90)": 437.7793006,
            "p(95)": 456.86888024999996,
            "avg": 375.519195537594,
            "min": 177.259001,
            "med": 392.277688,
            "thresholds": {
                "p(95)<3000": false
            }
        },
        "http_req_waiting": {
            "avg": 368.15397551342625,
            "min": 171.796763,
            "med": 385.1057325,
            "max": 769.038045,
            "p(90)": 430.26999880000005,
            "p(95)": 450.4671416
        },
        "iteration_duration": {
            "p(95)": 459.83890460000003,
            "avg": 379.1826654221267,
            "min": 179.997603,
            "med": 395.6756905,
            "max": 792.660705,
            "p(90)": 441.3747086000001
        },
        "http_req_blocked": {
            "med": 0.002074,
            "max": 69.276407,
            "p(90)": 0.002475,
            "p(95)": 0.002695,
            "avg": 0.345282570891516,
            "min": 0.000742
        },
        "iterations": {
            "count": 1862,
            "rate": 23.2374977973178
        },
        "vus": {
            "value": 1,
            "min": 1,
            "max": 10
        },
        "vus_max": {
            "value": 10,
            "min": 10,
            "max": 10
        },
        "ttfb_ms": {
            "p(95)": 450.4671416,
            "avg": 368.15397551342625,
            "min": 171.796763,
            "med": 385.1057325,
            "max": 769.038045,
            "p(90)": 430.26999880000005
        },
        "error_rate": {
            "passes": 0,
            "fails": 1862,
            "thresholds": {
                "rate<0.01": false
            },
            "value": 0
        },
        "http_req_tls_handshaking": {
            "max": 51.748844,
            "p(90)": 0,
            "p(95)": 0,
            "avg": 0.2467743259935553,
            "min": 0,
            "med": 0
        },
        "http_req_receiving": {
            "med": 6.563954000000001,
            "max": 398.897652,
            "p(90)": 8.267410300000002,
            "p(95)": 9.257912549999997,
            "avg": 7.2179370714285795,
            "min": 2.619478
        },
        "data_sent": {
            "count": 262770,
            "rate": 3279.332597315359
        },
        "checks": {
            "passes": 5586,
            "fails": 0,
            "value": 1
        },
        "data_received": {
            "count": 38715412,
            "rate": 483162.88994213275
        },
        "http_req_duration{expected_response:true}": {
            "avg": 375.519195537594,
            "min": 177.259001,
            "med": 392.277688,
            "max": 789.356287,
            "p(90)": 437.7793006,
            "p(95)": 456.86888024999996
        },
        "http_req_sending": {
            "min": 0.039505,
            "med": 0.1258325,
            "max": 1.430748,
            "p(90)": 0.21179390000000006,
            "p(95)": 0.262748,
            "avg": 0.14728295273899056
        },
        "total_requests": {
            "count": 1862,
            "rate": 23.2374977973178
        }
    }
}