{
    "root_group": {
        "name": "",
        "path": "",
        "id": "d41d8cd98f00b204e9800998ecf8427e",
        "groups": {},
        "checks": {
                "status 200": {
                    "fails": 0,
                    "name": "status 200",
                    "path": "::status 200",
                    "id": "fad9fa412b86fcb03bee97c80dcd61f1",
                    "passes": 1854
                },
                "body not empty": {
                    "name": "body not empty",
                    "path": "::body not empty",
                    "id": "85076432bd9ecbfcd3fc3c4f2d4bdfe0",
                    "passes": 1854,
                    "fails": 0
                },
                "no PHP fatal": {
                    "name": "no PHP fatal",
                    "path": "::no PHP fatal",
                    "id": "2cbe457822e4680cdb27d4f07d8358dc",
                    "passes": 1854,
                    "fails": 0
                }
            }
    },
    "metrics": {
        "checks": {
            "passes": 5562,
            "fails": 0,
            "value": 1
        },
        "data_sent": {
            "count": 269698,
            "rate": 3362.2173156148565
        },
        "vus": {
            "value": 1,
            "min": 1,
            "max": 10
        },
        "iteration_duration": {
            "p(90)": 424.7352939,
            "p(95)": 451.28644024999994,
            "avg": 381.2397849007542,
            "min": 188.893796,
            "med": 396.4396865,
            "max": 820.096944
        },
        "vus_max": {
            "value": 10,
            "min": 10,
            "max": 10
        },
        "http_req_sending": {
            "avg": 0.158263751348436,
            "min": 0.044314,
            "med": 0.132405,
            "max": 2.004578,
            "p(90)": 0.21627770000000004,
            "p(95)": 0.27206369999999985
        },
        "http_req_waiting": {
            "p(90)": 413.04355300000003,
            "p(95)": 440.8869454,
            "avg": 370.28182585490805,
            "min": 178.285121,
            "med": 385.9382045,
            "max": 805.256533
        },
        "data_received": {
            "count": 38549536,
            "rate": 480581.6782034656
        },
        "iterations": {
            "rate": 23.113077972954727,
            "count": 1854
        },
        "http_req_duration{expected_response:true}": {
            "med": 393.3514965,
            "max": 812.270503,
            "p(90)": 420.4619582,
            "p(95)": 447.64275259999994,
            "avg": 377.49799820981644,
            "min": 185.16581
        },
        "http_req_tls_handshaking": {
            "avg": 0.2651636801510248,
            "min": 0,
            "med": 0,
            "max": 57.117842,
            "p(90)": 0,
            "p(95)": 0
        },
        "http_req_receiving": {
            "min": 4.395724,
            "med": 6.8284994999999995,
            "max": 16.765969,
            "p(90)": 8.2535188,
            "p(95)": 9.344167899999999,
            "avg": 7.0579086035598655
        },
        "http_req_failed": {
            "passes": 0,
            "fails": 1854,
            "value": 0
        },
        "total_requests": {
            "count": 1854,
            "rate": 23.113077972954727
        },
        "http_req_duration": {
            "avg": 377.49799820981644,
            "min": 185.16581,
            "med": 393.3514965,
            "max": 812.270503,
            "p(90)": 420.4619582,
            "p(95)": 447.64275259999994,
            "thresholds": {
                "p(95)<3000": false
            }
        },
        "http_req_blocked": {
            "p(95)": 0.0027584999999999992,
            "avg": 0.36187937810140597,
            "min": 0.000731,
            "med": 0.002074,
            "max": 81.75664,
            "p(90)": 0.002545
        },
        "http_reqs": {
            "count": 1854,
            "rate": 23.113077972954727
        },
        "ttfb_ms": {
            "avg": 370.28182585490805,
            "min": 178.285121,
            "med": 385.9382045,
            "max": 805.256533,
            "p(90)": 413.04355300000003,
            "p(95)": 440.8869454
        },
        "error_rate": {
            "passes": 0,
            "fails": 1854,
            "thresholds": {
                "rate<0.01": false
            },
            "value": 0
        },
        "http_req_connecting": {
            "p(90)": 0,
            "p(95)": 0,
            "avg": 0.08785153775620282,
            "min": 0,
            "med": 0,
            "max": 17.142139
        }
    }
}