{
    "root_group": {
        "path": "",
        "id": "d41d8cd98f00b204e9800998ecf8427e",
        "groups": {},
        "checks": {
                "status 200": {
                    "name": "status 200",
                    "path": "::status 200",
                    "id": "fad9fa412b86fcb03bee97c80dcd61f1",
                    "passes": 1512,
                    "fails": 0
                },
                "body not empty": {
                    "path": "::body not empty",
                    "id": "85076432bd9ecbfcd3fc3c4f2d4bdfe0",
                    "passes": 1512,
                    "fails": 0,
                    "name": "body not empty"
                },
                "no PHP fatal": {
                    "name": "no PHP fatal",
                    "path": "::no PHP fatal",
                    "id": "2cbe457822e4680cdb27d4f07d8358dc",
                    "passes": 1512,
                    "fails": 0
                }
            },
        "name": ""
    },
    "metrics": {
        "http_req_waiting": {
            "med": 223.160119,
            "max": 501.434278,
            "p(90)": 238.1516584,
            "p(95)": 244.57290540000002,
            "avg": 224.16791051455058,
            "min": 166.778841
        },
        "checks": {
            "passes": 4536,
            "fails": 0,
            "value": 1
        },
        "http_req_receiving": {
            "avg": 7.028906030423279,
            "min": 3.020543,
            "med": 6.8203534999999995,
            "max": 20.089731,
            "p(90)": 8.533705200000002,
            "p(95)": 9.4033841
        },
        "ttfb_ms": {
            "p(90)": 238.1516584,
            "p(95)": 244.57290540000002,
            "avg": 224.16791051455058,
            "min": 166.778841,
            "med": 223.160119,
            "max": 501.434278
        },
        "error_rate": {
            "passes": 0,
            "fails": 1512,
            "thresholds": {
                "rate<0.01": false
            },
            "value": 0
        },
        "iterations": {
            "count": 1512,
            "rate": 18.894156366194256
        },
        "http_req_connecting": {
            "min": 0,
            "med": 0,
            "max": 17.109044,
            "p(90)": 0,
            "p(95)": 0,
            "avg": 0.05509169642857143
        },
        "http_req_blocked": {
            "p(95)": 0.002735,
            "avg": 0.23872223611111054,
            "min": 0.000682,
            "med": 0.002054,
            "max": 94.197755,
            "p(90)": 0.002505
        },
        "data_sent": {
            "count": 213977,
            "rate": 2673.8855137362093
        },
        "http_req_failed": {
            "passes": 0,
            "fails": 1512,
            "value": 0
        },
        "data_received": {
            "count": 31417064,
            "rate": 392591.8781631828
        },
        "http_reqs": {
            "count": 1512,
            "rate": 18.894156366194256
        },
        "http_req_sending": {
            "avg": 0.1508654887566137,
            "min": 0.039875,
            "med": 0.1265885,
            "max": 1.573976,
            "p(90)": 0.210376,
            "p(95)": 0.25836390000000004
        },
        "vus_max": {
            "max": 5,
            "value": 5,
            "min": 5
        },
        "vus": {
            "value": 1,
            "min": 1,
            "max": 5
        },
        "total_requests": {
            "count": 1512,
            "rate": 18.894156366194256
        },
        "http_req_duration": {
            "min": 171.334547,
            "med": 230.49559,
            "max": 507.453561,
            "p(90)": 245.38545670000002,
            "p(95)": 251.7892065,
            "avg": 231.34768203373017,
            "thresholds": {
                "p(95)<3000": false
            }
        },
        "iteration_duration": {
            "min": 174.30737,
            "med": 233.864332,
            "max": 510.538416,
            "p(90)": 248.9225523,
            "p(95)": 256.19912495,
            "avg": 234.96386799603178
        },
        "http_req_duration{expected_response:true}": {
            "min": 171.334547,
            "med": 230.49559,
            "max": 507.453561,
            "p(90)": 245.38545670000002,
            "p(95)": 251.7892065,
            "avg": 231.34768203373017
        },
        "http_req_tls_handshaking": {
            "avg": 0.16686890806878307,
            "min": 0,
            "med": 0,
            "max": 57.282836,
            "p(90)": 0,
            "p(95)": 0
        }
    }
}