{
    "root_group": {
        "name": "",
        "path": "",
        "id": "d41d8cd98f00b204e9800998ecf8427e",
        "groups": {},
        "checks": {
                "status 200": {
                    "id": "fad9fa412b86fcb03bee97c80dcd61f1",
                    "passes": 1963,
                    "fails": 0,
                    "name": "status 200",
                    "path": "::status 200"
                },
                "body not empty": {
                    "fails": 0,
                    "name": "body not empty",
                    "path": "::body not empty",
                    "id": "85076432bd9ecbfcd3fc3c4f2d4bdfe0",
                    "passes": 1963
                },
                "no PHP fatal": {
                    "passes": 1963,
                    "fails": 0,
                    "name": "no PHP fatal",
                    "path": "::no PHP fatal",
                    "id": "2cbe457822e4680cdb27d4f07d8358dc"
                }
            }
    },
    "metrics": {
        "vus_max": {
            "value": 100,
            "min": 100,
            "max": 100
        },
        "error_rate": {
            "passes": 0,
            "fails": 1963,
            "thresholds": {
                "rate<0.01": false
            },
            "value": 0
        },
        "http_req_waiting": {
            "avg": 3622.5055479597568,
            "min": 188.051508,
            "med": 3984.100159,
            "max": 5058.144923,
            "p(90)": 4142.5392726,
            "p(95)": 4286.9996109
        },
        "checks": {
            "fails": 0,
            "passes": 5889,
            "value": 1
        },
        "http_req_receiving": {
            "p(90)": 8.0082538,
            "p(95)": 8.8615254,
            "avg": 6.956181009169634,
            "min": 2.721329,
            "med": 6.819854,
            "max": 18.912836
        },
        "ttfb_ms": {
            "p(90)": 4142.5392726,
            "p(95)": 4286.9996109,
            "avg": 3622.5055479597568,
            "min": 188.051508,
            "med": 3984.100159,
            "max": 5058.144923
        },
        "http_req_duration": {
            "avg": 3629.599713331127,
            "min": 193.299018,
            "med": 3990.727288,
            "max": 5064.375756,
            "p(90)": 4149.5379708,
            "p(95)": 4293.161276600001,
            "thresholds": {
                "p(95)<3000": true
            }
        },
        "http_req_failed": {
            "passes": 0,
            "fails": 1963,
            "value": 0
        },
        "total_requests": {
            "count": 1963,
            "rate": 24.50105322000983
        },
        "data_received": {
            "count": 41287443,
            "rate": 515326.4586149375
        },
        "iterations": {
            "rate": 24.50105322000983,
            "count": 1963
        },
        "iteration_duration": {
            "med": 3994.063287,
            "max": 5067.428991,
            "p(90)": 4152.3741392,
            "p(95)": 4295.8816068,
            "avg": 3635.9459634905797,
            "min": 212.80387
        },
        "http_reqs": {
            "count": 1963,
            "rate": 24.50105322000983
        },
        "http_req_duration{expected_response:true}": {
            "avg": 3629.599713331127,
            "min": 193.299018,
            "med": 3990.727288,
            "max": 5064.375756,
            "p(90)": 4149.5379708,
            "p(95)": 4293.161276600001
        },
        "http_req_tls_handshaking": {
            "avg": 2.36215405501783,
            "min": 0,
            "med": 0,
            "max": 59.440891,
            "p(90)": 0,
            "p(95)": 42.978971799999954
        },
        "http_req_sending": {
            "max": 1.53873,
            "p(90)": 0.1938358,
            "p(95)": 0.30572769999999977,
            "avg": 0.1379843622007131,
            "min": 0.045486,
            "med": 0.114877
        },
        "http_req_blocked": {
            "avg": 3.2408188909831903,
            "min": 0.000711,
            "med": 0.002054,
            "max": 80.434508,
            "p(90)": 0.002532199999999999,
            "p(95)": 59.78863459999998
        },
        "http_req_connecting": {
            "avg": 0.8501951803362199,
            "min": 0,
            "med": 0,
            "max": 20.936069,
            "p(90)": 0,
            "p(95)": 15.413513499999993
        },
        "data_sent": {
            "rate": 5573.459146644518,
            "count": 446540
        },
        "vus": {
            "value": 2,
            "min": 2,
            "max": 100
        }
    }
}