{
    "root_group": {
        "name": "",
        "path": "",
        "id": "d41d8cd98f00b204e9800998ecf8427e",
        "groups": {},
        "checks": {
                "status 200": {
                    "name": "status 200",
                    "path": "::status 200",
                    "id": "fad9fa412b86fcb03bee97c80dcd61f1",
                    "passes": 1787,
                    "fails": 0
                },
                "body not empty": {
                    "name": "body not empty",
                    "path": "::body not empty",
                    "id": "85076432bd9ecbfcd3fc3c4f2d4bdfe0",
                    "passes": 1787,
                    "fails": 0
                },
                "no PHP fatal": {
                    "id": "2cbe457822e4680cdb27d4f07d8358dc",
                    "passes": 1787,
                    "fails": 0,
                    "name": "no PHP fatal",
                    "path": "::no PHP fatal"
                }
            }
    },
    "metrics": {
        "iteration_duration": {
            "avg": 198.98543162674827,
            "min": 157.284887,
            "med": 191.213909,
            "max": 5486.605179,
            "p(90)": 219.81101139999998,
            "p(95)": 227.84802599999998
        },
        "checks": {
            "fails": 0,
            "passes": 5361,
            "value": 1
        },
        "data_sent": {
            "count": 241921,
            "rate": 3018.8760448629328
        },
        "http_reqs": {
            "count": 1787,
            "rate": 22.29955850120519
        },
        "http_req_duration{expected_response:true}": {
            "avg": 193.44223893844446,
            "min": 156.235665,
            "med": 189.993397,
            "max": 413.029635,
            "p(90)": 218.6102564,
            "p(95)": 226.4331592
        },
        "data_received": {
            "count": 37124703,
            "rate": 463270.55757603125
        },
        "http_req_waiting": {
            "p(95)": 221.3701341,
            "avg": 188.58226353721292,
            "min": 148.352725,
            "med": 184.888479,
            "max": 407.953049,
            "p(90)": 214.01604400000002
        },
        "error_rate": {
            "passes": 0,
            "fails": 1787,
            "thresholds": {
                "rate<0.01": false
            },
            "value": 0
        },
        "http_req_failed": {
            "passes": 0,
            "fails": 1787,
            "value": 0
        },
        "http_req_duration": {
            "med": 189.993397,
            "max": 413.029635,
            "p(90)": 218.6102564,
            "p(95)": 226.4331592,
            "avg": 193.44223893844446,
            "min": 156.235665,
            "thresholds": {
                "p(95)<3000": false
            }
        },
        "iterations": {
            "rate": 22.29955850120519,
            "count": 1787
        },
        "vus": {
            "min": 1,
            "max": 5,
            "value": 1
        },
        "vus_max": {
            "value": 5,
            "min": 5,
            "max": 5
        },
        "http_req_blocked": {
            "med": 0.000631,
            "max": 5072.207612,
            "p(90)": 0.000931,
            "p(95)": 0.001092,
            "avg": 4.3891908270845095,
            "min": 0.00017
        },
        "http_req_connecting": {
            "max": 18.306799,
            "p(90)": 0,
            "p(95)": 0,
            "avg": 0.04008209457190823,
            "min": 0,
            "med": 0
        },
        "http_req_tls_handshaking": {
            "avg": 0.14301287800783438,
            "min": 0,
            "med": 0,
            "max": 66.609339,
            "p(90)": 0,
            "p(95)": 0
        },
        "http_req_sending": {
            "min": 0.01058,
            "med": 0.05233,
            "max": 0.58398,
            "p(90)": 0.08358460000000001,
            "p(95)": 0.12723509999999974,
            "avg": 0.05899589647453836
        },
        "http_req_receiving": {
            "med": 4.086548,
            "max": 80.167511,
            "p(90)": 5.9498772,
            "p(95)": 10.626350199999957,
            "avg": 4.80097950475658,
            "min": 0.717087
        },
        "ttfb_ms": {
            "med": 184.888479,
            "max": 407.953049,
            "p(90)": 214.01604400000002,
            "p(95)": 221.3701341,
            "avg": 188.58226353721292,
            "min": 148.352725
        },
        "total_requests": {
            "count": 1787,
            "rate": 22.29955850120519
        }
    }
}