{
    "metrics": {
        "checks": {
            "passes": 6708,
            "fails": 0,
            "value": 1
        },
        "http_req_duration": {
            "avg": 785.7445013559912,
            "min": 156.308663,
            "med": 851.568372,
            "max": 1851.534947,
            "p(90)": 912.1091739999999,
            "p(95)": 939.6487587500001,
            "thresholds": {
                "p(95)<3000": false
            }
        },
        "http_req_blocked": {
            "max": 93.92348,
            "p(90)": 0.000912,
            "p(95)": 0.001072,
            "avg": 0.6321745107334525,
            "min": 0.00021,
            "med": 0.000621
        },
        "data_received": {
            "count": 46579122,
            "rate": 581041.4474161759
        },
        "vus": {
            "value": 1,
            "min": 1,
            "max": 25
        },
        "http_req_duration{expected_response:true}": {
            "avg": 785.7445013559912,
            "min": 156.308663,
            "med": 851.568372,
            "max": 1851.534947,
            "p(90)": 912.1091739999999,
            "p(95)": 939.6487587500001
        },
        "http_req_sending": {
            "min": 0.013504,
            "med": 0.051845,
            "max": 0.57816,
            "p(90)": 0.074978,
            "p(95)": 0.10219025,
            "avg": 0.05651052236135957
        },
        "data_sent": {
            "rate": 4149.809377482294,
            "count": 332669
        },
        "http_req_receiving": {
            "avg": 4.141262480322001,
            "min": 0.808431,
            "med": 4.121764,
            "max": 34.572344,
            "p(90)": 5.814413500000001,
            "p(95)": 6.609672
        },
        "http_req_connecting": {
            "p(95)": 0,
            "avg": 0.14829352951699465,
            "min": 0,
            "med": 0,
            "max": 19.659483,
            "p(90)": 0
        },
        "ttfb_ms": {
            "p(95)": 934.64111,
            "avg": 781.5467283533094,
            "min": 152.64021,
            "med": 846.7763835000001,
            "max": 1845.772489,
            "p(90)": 908.180498
        },
        "iterations": {
            "count": 2236,
            "rate": 27.892511078731136
        },
        "vus_max": {
            "min": 25,
            "max": 25,
            "value": 25
        },
        "http_reqs": {
            "count": 2236,
            "rate": 27.892511078731136
        },
        "http_req_tls_handshaking": {
            "avg": 0.4680694646690519,
            "min": 0,
            "med": 0,
            "max": 53.015825,
            "p(90)": 0,
            "p(95)": 0
        },
        "iteration_duration": {
            "avg": 787.5045427558155,
            "min": 157.618573,
            "med": 852.628465,
            "max": 1852.330957,
            "p(90)": 913.6161275,
            "p(95)": 941.0053305
        },
        "http_req_waiting": {
            "max": 1845.772489,
            "p(90)": 908.180498,
            "p(95)": 934.64111,
            "avg": 781.5467283533094,
            "min": 152.64021,
            "med": 846.7763835000001
        },
        "total_requests": {
            "count": 2236,
            "rate": 27.892511078731136
        },
        "http_req_failed": {
            "passes": 0,
            "fails": 2236,
            "value": 0
        },
        "error_rate": {
            "passes": 0,
            "fails": 2236,
            "thresholds": {
                "rate<0.01": false
            },
            "value": 0
        }
    },
    "root_group": {
        "path": "",
        "id": "d41d8cd98f00b204e9800998ecf8427e",
        "groups": {},
        "checks": {
                "status 200": {
                    "path": "::status 200",
                    "id": "fad9fa412b86fcb03bee97c80dcd61f1",
                    "passes": 2236,
                    "fails": 0,
                    "name": "status 200"
                },
                "body not empty": {
                    "passes": 2236,
                    "fails": 0,
                    "name": "body not empty",
                    "path": "::body not empty",
                    "id": "85076432bd9ecbfcd3fc3c4f2d4bdfe0"
                },
                "no PHP fatal": {
                    "name": "no PHP fatal",
                    "path": "::no PHP fatal",
                    "id": "2cbe457822e4680cdb27d4f07d8358dc",
                    "passes": 2236,
                    "fails": 0
                }
            },
        "name": ""
    }
}