{
    "metrics": {
        "http_req_blocked": {
            "max": 99.875936,
            "p(90)": 0.000992,
            "p(95)": 0.001162,
            "avg": 0.2634532793373209,
            "min": 0.00021,
            "med": 0.000631
        },
        "http_req_receiving": {
            "med": 4.267395,
            "max": 172.776528,
            "p(90)": 5.642408199999999,
            "p(95)": 6.246908400000001,
            "avg": 4.373472716981128,
            "min": 0.814192
        },
        "vus": {
            "value": 1,
            "min": 1,
            "max": 10
        },
        "http_req_failed": {
            "passes": 0,
            "fails": 2173,
            "value": 0
        },
        "total_requests": {
            "count": 2173,
            "rate": 27.162050740359806
        },
        "http_req_tls_handshaking": {
            "p(90)": 0,
            "p(95)": 0,
            "avg": 0.19054030648872528,
            "min": 0,
            "med": 0,
            "max": 51.358838
        },
        "data_sent": {
            "count": 302906,
            "rate": 3786.262375314969
        },
        "iterations": {
            "count": 2173,
            "rate": 27.162050740359806
        },
        "http_req_duration": {
            "avg": 323.4687656111368,
            "min": 153.892633,
            "med": 337.449158,
            "max": 620.706515,
            "p(90)": 381.94218459999996,
            "p(95)": 391.8935796,
            "thresholds": {
                "p(95)<3000": false
            }
        },
        "http_req_waiting": {
            "med": 333.318958,
            "max": 616.948672,
            "p(90)": 377.0932314,
            "p(95)": 387.7226876,
            "avg": 319.03365421352896,
            "min": 150.926194
        },
        "iteration_duration": {
            "p(95)": 393.0725112,
            "avg": 324.90222989737646,
            "min": 155.923843,
            "med": 338.733569,
            "max": 621.537598,
            "p(90)": 382.8767944
        },
        "checks": {
            "passes": 6519,
            "fails": 0,
            "value": 1
        },
        "error_rate": {
            "passes": 0,
            "fails": 2173,
            "thresholds": {
                "rate<0.01": false
            },
            "value": 0
        },
        "http_req_sending": {
            "min": 0.012693,
            "med": 0.053046,
            "max": 0.987535,
            "p(90)": 0.08996819999999998,
            "p(95)": 0.14033480000000004,
            "avg": 0.06163868062586277
        },
        "http_reqs": {
            "count": 2173,
            "rate": 27.162050740359806
        },
        "vus_max": {
            "value": 10,
            "min": 10,
            "max": 10
        },
        "http_req_duration{expected_response:true}": {
            "p(95)": 391.8935796,
            "avg": 323.4687656111368,
            "min": 153.892633,
            "med": 337.449158,
            "max": 620.706515,
            "p(90)": 381.94218459999996
        },
        "http_req_connecting": {
            "p(90)": 0,
            "p(95)": 0,
            "avg": 0.05462932719742292,
            "min": 0,
            "med": 0,
            "max": 12.597649
        },
        "ttfb_ms": {
            "med": 333.318958,
            "max": 616.948672,
            "p(90)": 377.0932314,
            "p(95)": 387.7226876,
            "avg": 319.03365421352896,
            "min": 150.926194
        },
        "data_received": {
            "count": 45170459,
            "rate": 564621.3986761814
        }
    },
    "root_group": {
        "id": "d41d8cd98f00b204e9800998ecf8427e",
        "groups": {},
        "checks": {
                "status 200": {
                    "fails": 0,
                    "name": "status 200",
                    "path": "::status 200",
                    "id": "fad9fa412b86fcb03bee97c80dcd61f1",
                    "passes": 2173
                },
                "body not empty": {
                    "passes": 2173,
                    "fails": 0,
                    "name": "body not empty",
                    "path": "::body not empty",
                    "id": "85076432bd9ecbfcd3fc3c4f2d4bdfe0"
                },
                "no PHP fatal": {
                    "passes": 2173,
                    "fails": 0,
                    "name": "no PHP fatal",
                    "path": "::no PHP fatal",
                    "id": "2cbe457822e4680cdb27d4f07d8358dc"
                }
            },
        "name": "",
        "path": ""
    }
}