{
    "root_group": {
        "groups": {},
        "checks": {
                "status 200": {
                    "name": "status 200",
                    "path": "::status 200",
                    "id": "fad9fa412b86fcb03bee97c80dcd61f1",
                    "passes": 2244,
                    "fails": 0
                },
                "body not empty": {
                    "name": "body not empty",
                    "path": "::body not empty",
                    "id": "85076432bd9ecbfcd3fc3c4f2d4bdfe0",
                    "passes": 2244,
                    "fails": 0
                },
                "no PHP fatal": {
                    "name": "no PHP fatal",
                    "path": "::no PHP fatal",
                    "id": "2cbe457822e4680cdb27d4f07d8358dc",
                    "passes": 2244,
                    "fails": 0
                }
            },
        "name": "",
        "path": "",
        "id": "d41d8cd98f00b204e9800998ecf8427e"
    },
    "metrics": {
        "http_req_receiving": {
            "avg": 4.210652132798572,
            "min": 0.88776,
            "med": 4.2162105,
            "max": 61.26939,
            "p(90)": 5.7527936,
            "p(95)": 6.345998549999999
        },
        "http_req_tls_handshaking": {
            "avg": 0.4792668939393939,
            "min": 0,
            "med": 0,
            "max": 87.138071,
            "p(90)": 0,
            "p(95)": 0
        },
        "iterations": {
            "count": 2244,
            "rate": 28.04902443950303
        },
        "iteration_duration": {
            "p(90)": 917.5852693,
            "p(95)": 956.6124848499999,
            "avg": 784.8394667192514,
            "min": 157.255536,
            "med": 848.4025345,
            "max": 1801.020679
        },
        "ttfb_ms": {
            "avg": 778.7762030574867,
            "min": 152.007005,
            "med": 843.1636685,
            "max": 1793.51092,
            "p(90)": 912.1291683000001,
            "p(95)": 951.16783675
        },
        "total_requests": {
            "count": 2244,
            "rate": 28.04902443950303
        },
        "vus": {
            "value": 1,
            "min": 1,
            "max": 25
        },
        "http_req_connecting": {
            "min": 0,
            "med": 0,
            "max": 22.444183,
            "p(90)": 0,
            "p(95)": 0,
            "avg": 0.14294076604278072
        },
        "http_req_sending": {
            "p(90)": 0.0864367,
            "p(95)": 0.13686099999999998,
            "avg": 0.061236383689839725,
            "min": 0.013425,
            "med": 0.053187,
            "max": 1.284291
        },
        "http_req_duration": {
            "p(90)": 916.3133881,
            "p(95)": 955.5085853999999,
            "avg": 783.0480915739746,
            "min": 156.112349,
            "med": 847.117042,
            "max": 1799.891661,
            "thresholds": {
                "p(95)<3000": false
            }
        },
        "http_reqs": {
            "count": 2244,
            "rate": 28.04902443950303
        },
        "data_sent": {
            "count": 338557,
            "rate": 4231.815315135841
        },
        "http_req_duration{expected_response:true}": {
            "min": 156.112349,
            "med": 847.117042,
            "max": 1799.891661,
            "p(90)": 916.3133881,
            "p(95)": 955.5085853999999,
            "avg": 783.0480915739746
        },
        "http_req_blocked": {
            "max": 103.264046,
            "p(90)": 0.000962,
            "p(95)": 0.0011504999999999992,
            "avg": 0.6417210066844922,
            "min": 0.000201,
            "med": 0.000632
        },
        "error_rate": {
            "passes": 0,
            "fails": 2244,
            "thresholds": {
                "rate<0.01": false
            },
            "value": 0
        },
        "http_req_failed": {
            "passes": 0,
            "fails": 2244,
            "value": 0
        },
        "http_req_waiting": {
            "avg": 778.7762030574867,
            "min": 152.007005,
            "med": 843.1636685,
            "max": 1793.51092,
            "p(90)": 912.1291683000001,
            "p(95)": 951.16783675
        },
        "data_received": {
            "count": 46745146,
            "rate": 584294.0029332163
        },
        "vus_max": {
            "value": 25,
            "min": 25,
            "max": 25
        },
        "checks": {
            "passes": 6732,
            "fails": 0,
            "value": 1
        }
    }
}