{
    "metrics": {
        "http_req_duration{expected_response:true}": {
            "avg": 196.5837006804773,
            "min": 153.533403,
            "med": 193.644127,
            "max": 321.526548,
            "p(90)": 219.6781832,
            "p(95)": 227.28547184999996
        },
        "data_sent": {
            "count": 248505,
            "rate": 3103.9942599649853
        },
        "error_rate": {
            "passes": 0,
            "fails": 1762,
            "thresholds": {
                "rate<0.01": false
            },
            "value": 0
        },
        "data_received": {
            "count": 37359825,
            "rate": 466649.2921804244
        },
        "http_req_receiving": {
            "med": 5.814208,
            "max": 16.945968,
            "p(90)": 6.254156999999999,
            "p(95)": 6.4905284000000005,
            "avg": 5.740044059591383,
            "min": 0.886601
        },
        "checks": {
            "passes": 5286,
            "fails": 0,
            "value": 1
        },
        "http_req_sending": {
            "avg": 0.03074821623155504,
            "min": 0.007624,
            "med": 0.028058,
            "max": 0.410574,
            "p(90)": 0.044733,
            "p(95)": 0.05448599999999998
        },
        "http_req_waiting": {
            "avg": 190.8129084046541,
            "min": 148.426558,
            "med": 187.82579049999998,
            "max": 315.2616,
            "p(90)": 213.681021,
            "p(95)": 221.25352074999998
        },
        "iteration_duration": {
            "med": 194.4094395,
            "max": 5289.452105,
            "p(90)": 220.49719,
            "p(95)": 228.51405235000001,
            "avg": 201.76302465266744,
            "min": 154.2058
        },
        "ttfb_ms": {
            "p(95)": 221.25352074999998,
            "avg": 190.8129084046541,
            "min": 148.426558,
            "med": 187.82579049999998,
            "max": 315.2616,
            "p(90)": 213.681021
        },
        "http_req_blocked": {
            "med": 0.000351,
            "max": 5095.854731,
            "p(90)": 0.000641,
            "p(95)": 0.000701,
            "avg": 4.486066368898968,
            "min": 0.00012
        },
        "http_req_connecting": {
            "min": 0,
            "med": 0,
            "max": 16.011076,
            "p(90)": 0,
            "p(95)": 0,
            "avg": 0.04398264528944382
        },
        "http_req_duration": {
            "avg": 196.5837006804773,
            "min": 153.533403,
            "med": 193.644127,
            "max": 321.526548,
            "p(90)": 219.6781832,
            "p(95)": 227.28547184999996,
            "thresholds": {
                "p(95)<3000": false
            }
        },
        "http_req_failed": {
            "passes": 0,
            "fails": 1762,
            "value": 0
        },
        "http_req_tls_handshaking": {
            "max": 54.207637,
            "p(90)": 0,
            "p(95)": 0,
            "avg": 0.13769887457434732,
            "min": 0,
            "med": 0
        },
        "iterations": {
            "count": 1762,
            "rate": 22.00856274947508
        },
        "vus_max": {
            "value": 5,
            "min": 5,
            "max": 5
        },
        "http_reqs": {
            "rate": 22.00856274947508,
            "count": 1762
        },
        "total_requests": {
            "count": 1762,
            "rate": 22.00856274947508
        },
        "vus": {
            "max": 5,
            "value": 1,
            "min": 1
        }
    },
    "root_group": {
        "groups": {},
        "checks": {
                "status 200": {
                    "name": "status 200",
                    "path": "::status 200",
                    "id": "fad9fa412b86fcb03bee97c80dcd61f1",
                    "passes": 1762,
                    "fails": 0
                },
                "body not empty": {
                    "name": "body not empty",
                    "path": "::body not empty",
                    "id": "85076432bd9ecbfcd3fc3c4f2d4bdfe0",
                    "passes": 1762,
                    "fails": 0
                },
                "no PHP fatal": {
                    "name": "no PHP fatal",
                    "path": "::no PHP fatal",
                    "id": "2cbe457822e4680cdb27d4f07d8358dc",
                    "passes": 1762,
                    "fails": 0
                }
            },
        "name": "",
        "path": "",
        "id": "d41d8cd98f00b204e9800998ecf8427e"
    }
}