{
    "metrics": {
        "iteration_duration": {
            "max": 6451.746067,
            "p(90)": 1808.714635,
            "p(95)": 1920.083445,
            "avg": 1647.7526473325545,
            "min": 160.909216,
            "med": 1710.887603
        },
        "iterations": {
            "count": 2141,
            "rate": 26.71121326552059
        },
        "vus": {
            "min": 1,
            "max": 50,
            "value": 1
        },
        "vus_max": {
            "value": 50,
            "min": 50,
            "max": 50
        },
        "http_reqs": {
            "count": 2141,
            "rate": 26.71121326552059
        },
        "http_req_tls_handshaking": {
            "avg": 1.8675208318542735,
            "min": 0,
            "med": 0,
            "max": 108.059415,
            "p(90)": 0,
            "p(95)": 0
        },
        "http_req_connecting": {
            "avg": 1.1152489397477816,
            "min": 0,
            "med": 0,
            "max": 380.099174,
            "p(90)": 0,
            "p(95)": 0
        },
        "error_rate": {
            "passes": 0,
            "fails": 2141,
            "thresholds": {
                "rate<0.01": false
            },
            "value": 0
        },
        "http_req_duration": {
            "med": 1707.165489,
            "max": 2728.482795,
            "p(90)": 1800.900768,
            "p(95)": 1899.787397,
            "avg": 1612.4460000990225,
            "min": 159.787428,
            "thresholds": {
                "p(95)<3000": false
            }
        },
        "checks": {
            "passes": 6423,
            "fails": 0,
            "value": 1
        },
        "ttfb_ms": {
            "min": 157.463495,
            "med": 1702.585856,
            "max": 2724.195779,
            "p(90)": 1796.856353,
            "p(95)": 1895.206442,
            "avg": 1607.2729933414291
        },
        "http_req_blocked": {
            "avg": 34.1668440322281,
            "min": 0.0002,
            "med": 0.000651,
            "max": 5263.085844,
            "p(90)": 0.001022,
            "p(95)": 0.001263
        },
        "http_req_waiting": {
            "avg": 1607.2729933414291,
            "min": 157.463495,
            "med": 1702.585856,
            "max": 2724.195779,
            "p(90)": 1796.856353,
            "p(95)": 1895.206442
        },
        "data_sent": {
            "rate": 4548.691307486789,
            "count": 364594
        },
        "http_req_sending": {
            "min": 0.015859,
            "med": 0.051945,
            "max": 1.023809,
            "p(90)": 0.09323,
            "p(95)": 0.134807,
            "avg": 0.0615921854273704
        },
        "http_req_receiving": {
            "p(90)": 6.802009,
            "p(95)": 9.38761,
            "avg": 5.111414572162544,
            "min": 0.787878,
            "med": 4.623191,
            "max": 54.538173
        },
        "http_req_failed": {
            "passes": 0,
            "fails": 2141,
            "value": 0
        },
        "http_req_duration{expected_response:true}": {
            "p(90)": 1800.900768,
            "p(95)": 1899.787397,
            "avg": 1612.4460000990225,
            "min": 159.787428,
            "med": 1707.165489,
            "max": 2728.482795
        },
        "total_requests": {
            "count": 2141,
            "rate": 26.71121326552059
        },
        "data_received": {
            "count": 44736031,
            "rate": 558128.7551116023
        }
    },
    "root_group": {
        "name": "",
        "path": "",
        "id": "d41d8cd98f00b204e9800998ecf8427e",
        "groups": {},
        "checks": {
                "status 200": {
                    "name": "status 200",
                    "path": "::status 200",
                    "id": "fad9fa412b86fcb03bee97c80dcd61f1",
                    "passes": 2141,
                    "fails": 0
                },
                "body not empty": {
                    "fails": 0,
                    "name": "body not empty",
                    "path": "::body not empty",
                    "id": "85076432bd9ecbfcd3fc3c4f2d4bdfe0",
                    "passes": 2141
                },
                "no PHP fatal": {
                    "id": "2cbe457822e4680cdb27d4f07d8358dc",
                    "passes": 2141,
                    "fails": 0,
                    "name": "no PHP fatal",
                    "path": "::no PHP fatal"
                }
            }
    }
}