{
    "root_group": {
        "checks": {
            "status 200": {
                "id": "fad9fa412b86fcb03bee97c80dcd61f1",
                "passes": 2176,
                "fails": 0,
                "name": "status 200",
                "path": "::status 200"
            },
            "body not empty": {
                "name": "body not empty",
                "path": "::body not empty",
                "id": "85076432bd9ecbfcd3fc3c4f2d4bdfe0",
                "passes": 2176,
                "fails": 0
            },
            "no PHP fatal": {
                "path": "::no PHP fatal",
                "id": "2cbe457822e4680cdb27d4f07d8358dc",
                "passes": 2176,
                "fails": 0,
                "name": "no PHP fatal"
            }
        },
        "name": "",
        "path": "",
        "id": "d41d8cd98f00b204e9800998ecf8427e",
        "groups": {}
    },
    "metrics": {
        "http_req_receiving": {
            "p(95)": 7.43236425,
            "avg": 5.1608457031250055,
            "min": 0.801647,
            "med": 4.0697399999999995,
            "max": 234.022517,
            "p(90)": 5.7128915
        },
        "checks": {
            "passes": 6528,
            "fails": 0,
            "value": 1
        },
        "http_req_failed": {
            "passes": 0,
            "fails": 2176,
            "value": 0
        },
        "ttfb_ms": {
            "p(90)": 379.51512449999996,
            "p(95)": 396.3269285,
            "avg": 317.9680235289521,
            "min": 151.829989,
            "med": 325.953886,
            "max": 707.245419
        },
        "data_received": {
            "count": 45232657,
            "rate": 565395.5587848432
        },
        "iterations": {
            "rate": 27.199391269803556,
            "count": 2176
        },
        "vus": {
            "max": 10,
            "value": 1,
            "min": 1
        },
        "http_req_blocked": {
            "med": 0.000632,
            "max": 78.35098,
            "p(90)": 0.000952,
            "p(95)": 0.001112,
            "avg": 0.2577239816176446,
            "min": 0.0002
        },
        "iteration_duration": {
            "max": 710.658157,
            "p(90)": 385.700094,
            "p(95)": 403.860677,
            "avg": 324.64180197150733,
            "min": 157.968353,
            "med": 332.34546
        },
        "error_rate": {
            "passes": 0,
            "fails": 2176,
            "thresholds": {
                "rate<0.01": false
            },
            "value": 0
        },
        "http_req_duration{expected_response:true}": {
            "max": 709.742851,
            "p(90)": 384.3714435,
            "p(95)": 402.87156675,
            "avg": 323.18847515900745,
            "min": 156.808029,
            "med": 330.704951
        },
        "http_req_waiting": {
            "min": 151.829989,
            "med": 325.953886,
            "max": 707.245419,
            "p(90)": 379.51512449999996,
            "p(95)": 396.3269285,
            "avg": 317.9680235289521
        },
        "http_reqs": {
            "count": 2176,
            "rate": 27.199391269803556
        },
        "total_requests": {
            "count": 2176,
            "rate": 27.199391269803556
        },
        "vus_max": {
            "value": 10,
            "min": 10,
            "max": 10
        },
        "http_req_connecting": {
            "p(90)": 0,
            "p(95)": 0,
            "avg": 0.057948496783088235,
            "min": 0,
            "med": 0,
            "max": 13.908955
        },
        "http_req_tls_handshaking": {
            "med": 0,
            "max": 44.852239,
            "p(90)": 0,
            "p(95)": 0,
            "avg": 0.18438805055147056,
            "min": 0
        },
        "data_sent": {
            "count": 292370,
            "rate": 3654.543210272273
        },
        "http_req_duration": {
            "min": 156.808029,
            "med": 330.704951,
            "max": 709.742851,
            "p(90)": 384.3714435,
            "p(95)": 402.87156675,
            "avg": 323.18847515900745,
            "thresholds": {
                "p(95)<3000": false
            }
        },
        "http_req_sending": {
            "max": 0.671677,
            "p(90)": 0.08526500000000001,
            "p(95)": 0.12497549999999999,
            "avg": 0.05960592693014711,
            "min": 0.011561,
            "med": 0.0527525
        }
    }
}