{
    "root_group": {
        "name": "",
        "path": "",
        "id": "d41d8cd98f00b204e9800998ecf8427e",
        "groups": {},
        "checks": {
                "status 200": {
                    "passes": 1821,
                    "fails": 0,
                    "name": "status 200",
                    "path": "::status 200",
                    "id": "fad9fa412b86fcb03bee97c80dcd61f1"
                },
                "body not empty": {
                    "name": "body not empty",
                    "path": "::body not empty",
                    "id": "85076432bd9ecbfcd3fc3c4f2d4bdfe0",
                    "passes": 1821,
                    "fails": 0
                },
                "no PHP fatal": {
                    "name": "no PHP fatal",
                    "path": "::no PHP fatal",
                    "id": "2cbe457822e4680cdb27d4f07d8358dc",
                    "passes": 1821,
                    "fails": 0
                }
            }
    },
    "metrics": {
        "error_rate": {
            "passes": 0,
            "fails": 1821,
            "thresholds": {
                "rate<0.01": false
            },
            "value": 0
        },
        "http_req_duration": {
            "med": 191.284522,
            "max": 307.500879,
            "p(90)": 218.955401,
            "p(95)": 228.580344,
            "avg": 194.04141240801752,
            "min": 151.232545,
            "thresholds": {
                "p(95)<3000": false
            }
        },
        "http_req_connecting": {
            "min": 0,
            "med": 0,
            "max": 20.745819,
            "p(90)": 0,
            "p(95)": 0,
            "avg": 0.04305045799011532
        },
        "total_requests": {
            "count": 1821,
            "rate": 22.70682975971146
        },
        "checks": {
            "passes": 5463,
            "fails": 0,
            "value": 1
        },
        "http_req_duration{expected_response:true}": {
            "min": 151.232545,
            "med": 191.284522,
            "max": 307.500879,
            "p(90)": 218.955401,
            "p(95)": 228.580344,
            "avg": 194.04141240801752
        },
        "ttfb_ms": {
            "min": 149.812909,
            "med": 186.752608,
            "max": 302.99698,
            "p(90)": 215.298077,
            "p(95)": 222.30244,
            "avg": 189.89274141241097
        },
        "data_sent": {
            "count": 240497,
            "rate": 2998.860206876072
        },
        "iteration_duration": {
            "avg": 195.2364412641404,
            "min": 152.011276,
            "med": 192.225206,
            "max": 308.682316,
            "p(90)": 220.260582,
            "p(95)": 230.396648
        },
        "iterations": {
            "count": 1821,
            "rate": 22.70682975971146
        },
        "http_req_waiting": {
            "min": 149.812909,
            "med": 186.752608,
            "max": 302.99698,
            "p(90)": 215.298077,
            "p(95)": 222.30244,
            "avg": 189.89274141241097
        },
        "http_req_tls_handshaking": {
            "p(90)": 0,
            "p(95)": 0,
            "avg": 0.13034761339923118,
            "min": 0,
            "med": 0,
            "max": 56.687754
        },
        "http_req_receiving": {
            "avg": 4.09843353761669,
            "min": 0.794801,
            "med": 3.89911,
            "max": 69.053637,
            "p(90)": 5.946294,
            "p(95)": 7.190928
        },
        "vus_max": {
            "value": 5,
            "min": 5,
            "max": 5
        },
        "http_reqs": {
            "count": 1821,
            "rate": 22.70682975971146
        },
        "http_req_sending": {
            "p(95)": 0.086744,
            "avg": 0.05023745799011525,
            "min": 0.01037,
            "med": 0.044604,
            "max": 0.696513,
            "p(90)": 0.07002
        },
        "http_req_blocked": {
            "avg": 0.1766325156507419,
            "min": 0.00014,
            "med": 0.000461,
            "max": 77.729296,
            "p(90)": 0.000832,
            "p(95)": 0.000945
        },
        "data_received": {
            "rate": 471725.01124758314,
            "count": 37830523
        },
        "vus": {
            "min": 1,
            "max": 5,
            "value": 1
        },
        "http_req_failed": {
            "passes": 0,
            "fails": 1821,
            "value": 0
        }
    }
}