{
    "metrics": {
        "iterations": {
            "count": 2266,
            "rate": 28.28347250724234
        },
        "http_req_duration{expected_response:true}": {
            "p(95)": 1876.2015795,
            "avg": 1554.988076521183,
            "min": 156.929491,
            "med": 1704.604699,
            "max": 2801.224919,
            "p(90)": 1792.8113050000002
        },
        "http_req_sending": {
            "max": 2.388796,
            "p(90)": 0.0801815,
            "p(95)": 0.1224785,
            "avg": 0.059053708737863995,
            "min": 0.013174,
            "med": 0.052015
        },
        "http_req_failed": {
            "passes": 0,
            "fails": 2266,
            "value": 0
        },
        "ttfb_ms": {
            "max": 2797.242902,
            "p(90)": 1787.714939,
            "p(95)": 1871.4030725,
            "avg": 1550.306654350397,
            "min": 154.329974,
            "med": 1699.870876
        },
        "http_req_duration": {
            "med": 1704.604699,
            "max": 2801.224919,
            "p(90)": 1792.8113050000002,
            "p(95)": 1876.2015795,
            "avg": 1554.988076521183,
            "min": 156.929491,
            "thresholds": {
                "p(95)<3000": false
            }
        },
        "vus": {
            "value": 1,
            "min": 1,
            "max": 50
        },
        "error_rate": {
            "passes": 0,
            "fails": 2266,
            "thresholds": {
                "rate<0.01": false
            },
            "value": 0
        },
        "http_req_connecting": {
            "max": 16.420401,
            "p(90)": 0,
            "p(95)": 0,
            "avg": 0.27573687334510144,
            "min": 0,
            "med": 0
        },
        "http_req_tls_handshaking": {
            "p(90)": 0,
            "p(95)": 0,
            "avg": 0.919803816416593,
            "min": 0,
            "med": 0,
            "max": 51.72535
        },
        "checks": {
            "passes": 6798,
            "fails": 0,
            "value": 1
        },
        "http_reqs": {
            "count": 2266,
            "rate": 28.28347250724234
        },
        "http_req_waiting": {
            "max": 2797.242902,
            "p(90)": 1787.714939,
            "p(95)": 1871.4030725,
            "avg": 1550.306654350397,
            "min": 154.329974,
            "med": 1699.870876
        },
        "http_req_blocked": {
            "avg": 1.2370588918799692,
            "min": 0.0002,
            "med": 0.000631,
            "max": 141.958888,
            "p(90)": 0.000952,
            "p(95)": 0.001142
        },
        "http_req_receiving": {
            "p(90)": 5.887038,
            "p(95)": 6.838152249999999,
            "avg": 4.6223684620476595,
            "min": 0.768404,
            "med": 4.244305499999999,
            "max": 269.232126
        },
        "data_received": {
            "count": 47332166,
            "rate": 590784.6495009845
        },
        "data_sent": {
            "count": 376074,
            "rate": 4694.0329389623375
        },
        "iteration_duration": {
            "max": 2802.051369,
            "p(90)": 1793.9579525,
            "p(95)": 1877.6664739999999,
            "avg": 1557.3711263120003,
            "min": 158.222161,
            "med": 1705.6594810000001
        },
        "total_requests": {
            "count": 2266,
            "rate": 28.28347250724234
        },
        "vus_max": {
            "value": 50,
            "min": 50,
            "max": 50
        }
    },
    "root_group": {
        "name": "",
        "path": "",
        "id": "d41d8cd98f00b204e9800998ecf8427e",
        "groups": {},
        "checks": {
                "status 200": {
                    "name": "status 200",
                    "path": "::status 200",
                    "id": "fad9fa412b86fcb03bee97c80dcd61f1",
                    "passes": 2266,
                    "fails": 0
                },
                "body not empty": {
                    "name": "body not empty",
                    "path": "::body not empty",
                    "id": "85076432bd9ecbfcd3fc3c4f2d4bdfe0",
                    "passes": 2266,
                    "fails": 0
                },
                "no PHP fatal": {
                    "name": "no PHP fatal",
                    "path": "::no PHP fatal",
                    "id": "2cbe457822e4680cdb27d4f07d8358dc",
                    "passes": 2266,
                    "fails": 0
                }
            }
    }
}