{
    "root_group": {
        "name": "",
        "path": "",
        "id": "d41d8cd98f00b204e9800998ecf8427e",
        "groups": {},
        "checks": {
                "status 200": {
                    "passes": 1769,
                    "fails": 0,
                    "name": "status 200",
                    "path": "::status 200",
                    "id": "fad9fa412b86fcb03bee97c80dcd61f1"
                },
                "body not empty": {
                    "path": "::body not empty",
                    "id": "85076432bd9ecbfcd3fc3c4f2d4bdfe0",
                    "passes": 1769,
                    "fails": 0,
                    "name": "body not empty"
                },
                "no PHP fatal": {
                    "id": "2cbe457822e4680cdb27d4f07d8358dc",
                    "passes": 1769,
                    "fails": 0,
                    "name": "no PHP fatal",
                    "path": "::no PHP fatal"
                }
            }
    },
    "metrics": {
        "iteration_duration": {
            "avg": 200.85401515658623,
            "min": 154.524981,
            "med": 193.592936,
            "max": 520.844002,
            "p(90)": 227.276054,
            "p(95)": 258.91073739999996
        },
        "http_req_duration{expected_response:true}": {
            "med": 192.887325,
            "max": 520.210578,
            "p(90)": 226.0834096,
            "p(95)": 255.97991179999983,
            "avg": 199.97358616167313,
            "min": 153.971908
        },
        "http_req_failed": {
            "fails": 1769,
            "passes": 0,
            "value": 0
        },
        "vus": {
            "value": 1,
            "min": 1,
            "max": 5
        },
        "http_req_connecting": {
            "avg": 0.04559130977953646,
            "min": 0,
            "med": 0,
            "max": 16.587864,
            "p(90)": 0,
            "p(95)": 0
        },
        "http_req_sending": {
            "avg": 0.031327482193329606,
            "min": 0.006552,
            "med": 0.028613,
            "max": 0.519098,
            "p(90)": 0.045235199999999996,
            "p(95)": 0.05348499999999999
        },
        "data_sent": {
            "count": 245809,
            "rate": 3071.707870321304
        },
        "iterations": {
            "count": 1769,
            "rate": 22.105989701753746
        },
        "error_rate": {
            "passes": 0,
            "fails": 1769,
            "thresholds": {
                "rate<0.01": false
            },
            "value": 0
        },
        "http_req_waiting": {
            "max": 403.895743,
            "p(90)": 219.5974676,
            "p(95)": 237.24064559999994,
            "avg": 193.3514299016391,
            "min": 148.247039,
            "med": 186.909528
        },
        "http_req_blocked": {
            "p(95)": 0.000701,
            "avg": 0.17923672018089318,
            "min": 0.00011,
            "med": 0.000361,
            "max": 72.131019,
            "p(90)": 0.000641
        },
        "http_req_receiving": {
            "min": 0.650776,
            "med": 5.844496,
            "max": 275.681952,
            "p(90)": 6.366301,
            "p(95)": 6.752214399999999,
            "avg": 6.590828777840596
        },
        "total_requests": {
            "rate": 22.105989701753746,
            "count": 1769
        },
        "http_req_tls_handshaking": {
            "min": 0,
            "med": 0,
            "max": 53.451503,
            "p(90)": 0,
            "p(95)": 0,
            "avg": 0.13120536065573768
        },
        "vus_max": {
            "value": 5,
            "min": 5,
            "max": 5
        },
        "http_req_duration": {
            "avg": 199.97358616167313,
            "min": 153.971908,
            "med": 192.887325,
            "max": 520.210578,
            "p(90)": 226.0834096,
            "p(95)": 255.97991179999983,
            "thresholds": {
                "p(95)<3000": false
            }
        },
        "checks": {
            "passes": 5307,
            "fails": 0,
            "value": 1
        },
        "data_received": {
            "count": 37508343,
            "rate": 468716.24877775426
        },
        "http_reqs": {
            "count": 1769,
            "rate": 22.105989701753746
        },
        "ttfb_ms": {
            "max": 403.895743,
            "p(90)": 219.5974676,
            "p(95)": 237.24064559999994,
            "avg": 193.3514299016391,
            "min": 148.247039,
            "med": 186.909528
        }
    }
}