{
    "metrics": {
        "http_req_sending": {
            "avg": 0.059209828296101635,
            "min": 0.013695,
            "med": 0.053168,
            "max": 0.635452,
            "p(90)": 0.08325540000000005,
            "p(95)": 0.13154280000000004
        },
        "checks": {
            "passes": 6849,
            "fails": 0,
            "value": 1
        },
        "iteration_duration": {
            "max": 4536.337366,
            "p(90)": 3556.6443870000003,
            "p(95)": 3714.4302735000006,
            "avg": 3116.6151890862957,
            "min": 170.356642,
            "med": 3418.124376
        },
        "http_req_receiving": {
            "avg": 5.251861298729732,
            "min": 0.825368,
            "med": 4.481628,
            "max": 238.22728,
            "p(90)": 6.556319000000001,
            "p(95)": 7.983508900000001
        },
        "http_req_failed": {
            "passes": 0,
            "fails": 2283,
            "value": 0
        },
        "vus": {
            "min": 2,
            "max": 100,
            "value": 2
        },
        "iterations": {
            "count": 2283,
            "rate": 28.47730339034324
        },
        "vus_max": {
            "value": 100,
            "min": 100,
            "max": 100
        },
        "http_req_duration": {
            "max": 4535.236174,
            "p(90)": 3554.10272,
            "p(95)": 3713.4855190000003,
            "avg": 3113.0450139281693,
            "min": 169.30383,
            "med": 3417.157602,
            "thresholds": {
                "p(95)<3000": true
            }
        },
        "http_req_tls_handshaking": {
            "avg": 1.8121607196671046,
            "min": 0,
            "med": 0,
            "max": 50.918765,
            "p(90)": 0,
            "p(95)": 0
        },
        "http_req_connecting": {
            "avg": 0.6285322820849758,
            "min": 0,
            "med": 0,
            "max": 74.19545,
            "p(90)": 0,
            "p(95)": 0
        },
        "http_req_waiting": {
            "med": 3412.351175,
            "max": 4530.579044,
            "p(90)": 3548.6635682,
            "p(95)": 3706.6834323000003,
            "avg": 3107.7339428011387,
            "min": 164.619594
        },
        "data_sent": {
            "count": 477868,
            "rate": 5960.749897738303
        },
        "data_received": {
            "count": 47936315,
            "rate": 597939.9849627953
        },
        "http_req_duration{expected_response:true}": {
            "max": 4535.236174,
            "p(90)": 3554.10272,
            "p(95)": 3713.4855190000003,
            "avg": 3113.0450139281693,
            "min": 169.30383,
            "med": 3417.157602
        },
        "ttfb_ms": {
            "avg": 3107.7339428011387,
            "min": 164.619594,
            "med": 3412.351175,
            "max": 4530.579044,
            "p(90)": 3548.6635682,
            "p(95)": 3706.6834323000003
        },
        "http_reqs": {
            "count": 2283,
            "rate": 28.47730339034324
        },
        "total_requests": {
            "count": 2283,
            "rate": 28.47730339034324
        },
        "error_rate": {
            "passes": 0,
            "fails": 2283,
            "thresholds": {
                "rate<0.01": false
            },
            "value": 0
        },
        "http_req_blocked": {
            "med": 0.000631,
            "max": 115.170395,
            "p(90)": 0.001002,
            "p(95)": 0.0014889000000000037,
            "avg": 2.463810556285593,
            "min": 0.0002
        }
    },
    "root_group": {
        "name": "",
        "path": "",
        "id": "d41d8cd98f00b204e9800998ecf8427e",
        "groups": {},
        "checks": {
                "status 200": {
                    "name": "status 200",
                    "path": "::status 200",
                    "id": "fad9fa412b86fcb03bee97c80dcd61f1",
                    "passes": 2283,
                    "fails": 0
                },
                "body not empty": {
                    "name": "body not empty",
                    "path": "::body not empty",
                    "id": "85076432bd9ecbfcd3fc3c4f2d4bdfe0",
                    "passes": 2283,
                    "fails": 0
                },
                "no PHP fatal": {
                    "fails": 0,
                    "name": "no PHP fatal",
                    "path": "::no PHP fatal",
                    "id": "2cbe457822e4680cdb27d4f07d8358dc",
                    "passes": 2283
                }
            }
    }
}