{
    "root_group": {
        "id": "d41d8cd98f00b204e9800998ecf8427e",
        "groups": {},
        "checks": {
                "status 200": {
                    "fails": 0,
                    "name": "status 200",
                    "path": "::status 200",
                    "id": "fad9fa412b86fcb03bee97c80dcd61f1",
                    "passes": 2246
                },
                "body not empty": {
                    "name": "body not empty",
                    "path": "::body not empty",
                    "id": "85076432bd9ecbfcd3fc3c4f2d4bdfe0",
                    "passes": 2246,
                    "fails": 0
                },
                "no PHP fatal": {
                    "name": "no PHP fatal",
                    "path": "::no PHP fatal",
                    "id": "2cbe457822e4680cdb27d4f07d8358dc",
                    "passes": 2246,
                    "fails": 0
                }
            },
        "name": "",
        "path": ""
    },
    "metrics": {
        "vus_max": {
            "value": 25,
            "min": 25,
            "max": 25
        },
        "http_req_connecting": {
            "avg": 0.1391910765805877,
            "min": 0,
            "med": 0,
            "max": 17.572929,
            "p(90)": 0,
            "p(95)": 0
        },
        "http_req_receiving": {
            "max": 125.192273,
            "p(90)": 5.7311630000000005,
            "p(95)": 6.50629425,
            "avg": 4.498283303205694,
            "min": 0.791503,
            "med": 4.178397
        },
        "http_req_failed": {
            "passes": 0,
            "fails": 2246,
            "value": 0
        },
        "error_rate": {
            "passes": 0,
            "fails": 2246,
            "thresholds": {
                "rate<0.01": false
            },
            "value": 0
        },
        "ttfb_ms": {
            "min": 152.876512,
            "med": 841.5528155,
            "max": 1799.399426,
            "p(90)": 922.583997,
            "p(95)": 962.30866225,
            "avg": 777.6327091954598
        },
        "total_requests": {
            "count": 2246,
            "rate": 28.02247992729685
        },
        "vus": {
            "value": 1,
            "min": 1,
            "max": 25
        },
        "http_req_duration": {
            "med": 846.0333665,
            "max": 1803.885083,
            "p(90)": 928.159586,
            "p(95)": 967.2845179999999,
            "avg": 782.1914160841499,
            "min": 155.506837,
            "thresholds": {
                "p(95)<3000": false
            }
        },
        "checks": {
            "passes": 6738,
            "fails": 0,
            "value": 1
        },
        "http_req_tls_handshaking": {
            "p(90)": 0,
            "p(95)": 0,
            "avg": 0.47076506678539626,
            "min": 0,
            "med": 0,
            "max": 60.886196
        },
        "data_sent": {
            "count": 329949,
            "rate": 4116.647030067528
        },
        "data_received": {
            "rate": 583739.4733792613,
            "count": 46786682
        },
        "http_reqs": {
            "count": 2246,
            "rate": 28.02247992729685
        },
        "http_req_duration{expected_response:true}": {
            "max": 1803.885083,
            "p(90)": 928.159586,
            "p(95)": 967.2845179999999,
            "avg": 782.1914160841499,
            "min": 155.506837,
            "med": 846.0333665
        },
        "http_req_waiting": {
            "max": 1799.399426,
            "p(90)": 922.583997,
            "p(95)": 962.30866225,
            "avg": 777.6327091954598,
            "min": 152.876512,
            "med": 841.5528155
        },
        "http_req_sending": {
            "max": 0.676082,
            "p(90)": 0.0880505,
            "p(95)": 0.137324,
            "avg": 0.06042358548530722,
            "min": 0.012492,
            "med": 0.052085
        },
        "iteration_duration": {
            "p(95)": 968.47434275,
            "avg": 783.9831847818342,
            "min": 156.736368,
            "med": 847.1059534999999,
            "max": 1804.840025,
            "p(90)": 929.12424
        },
        "iterations": {
            "count": 2246,
            "rate": 28.02247992729685
        },
        "http_req_blocked": {
            "avg": 0.6223136544968837,
            "min": 0.0002,
            "med": 0.000641,
            "max": 82.088393,
            "p(90)": 0.000992,
            "p(95)": 0.001152
        }
    }
}