{
    "root_group": {
        "name": "",
        "path": "",
        "id": "d41d8cd98f00b204e9800998ecf8427e",
        "groups": {},
        "checks": {
                "status 200": {
                    "fails": 0,
                    "name": "status 200",
                    "path": "::status 200",
                    "id": "fad9fa412b86fcb03bee97c80dcd61f1",
                    "passes": 2160
                },
                "body not empty": {
                    "passes": 2160,
                    "fails": 0,
                    "name": "body not empty",
                    "path": "::body not empty",
                    "id": "85076432bd9ecbfcd3fc3c4f2d4bdfe0"
                },
                "no PHP fatal": {
                    "id": "2cbe457822e4680cdb27d4f07d8358dc",
                    "passes": 2160,
                    "fails": 0,
                    "name": "no PHP fatal",
                    "path": "::no PHP fatal"
                }
            }
    },
    "metrics": {
        "data_sent": {
            "count": 297490,
            "rate": 3714.274516084173
        },
        "http_req_connecting": {
            "p(90)": 0,
            "p(95)": 0,
            "avg": 0.0581326050925926,
            "min": 0,
            "med": 0,
            "max": 14.913533
        },
        "http_req_waiting": {
            "med": 331.7474215,
            "max": 781.001499,
            "p(90)": 377.6959613,
            "p(95)": 387.89589995,
            "avg": 321.2885558939804,
            "min": 148.841219
        },
        "http_req_duration{expected_response:true}": {
            "med": 336.130582,
            "max": 782.605052,
            "p(90)": 381.6291486,
            "p(95)": 391.5218372,
            "avg": 325.5864083226849,
            "min": 152.711981
        },
        "checks": {
            "passes": 6480,
            "fails": 0,
            "value": 1
        },
        "http_req_failed": {
            "passes": 0,
            "fails": 2160,
            "value": 0
        },
        "vus_max": {
            "value": 10,
            "min": 10,
            "max": 10
        },
        "ttfb_ms": {
            "avg": 321.2885558939804,
            "min": 148.841219,
            "med": 331.7474215,
            "max": 781.001499,
            "p(90)": 377.6959613,
            "p(95)": 387.89589995
        },
        "data_received": {
            "count": 44900561,
            "rate": 560600.38818173
        },
        "error_rate": {
            "passes": 0,
            "fails": 2160,
            "thresholds": {
                "rate<0.01": false
            },
            "value": 0
        },
        "http_reqs": {
            "count": 2160,
            "rate": 26.96841223147606
        },
        "iterations": {
            "count": 2160,
            "rate": 26.96841223147606
        },
        "total_requests": {
            "count": 2160,
            "rate": 26.96841223147606
        },
        "http_req_sending": {
            "avg": 0.059564260185185174,
            "min": 0.012493,
            "med": 0.053845000000000004,
            "max": 0.569129,
            "p(90)": 0.08311130000000001,
            "p(95)": 0.12612169999999995
        },
        "vus": {
            "value": 1,
            "min": 1,
            "max": 10
        },
        "http_req_tls_handshaking": {
            "p(95)": 0,
            "avg": 0.196128175,
            "min": 0,
            "med": 0,
            "max": 50.060197,
            "p(90)": 0
        },
        "http_req_blocked": {
            "p(90)": 0.000922,
            "p(95)": 0.0010924499999999976,
            "avg": 0.2704624194444453,
            "min": 0.0002,
            "med": 0.000621,
            "max": 93.540312
        },
        "http_req_duration": {
            "avg": 325.5864083226849,
            "min": 152.711981,
            "med": 336.130582,
            "max": 782.605052,
            "p(90)": 381.6291486,
            "p(95)": 391.5218372,
            "thresholds": {
                "p(95)<3000": false
            }
        },
        "http_req_receiving": {
            "avg": 4.23828816851852,
            "min": 0.816226,
            "med": 4.10465,
            "max": 135.546207,
            "p(90)": 5.984034,
            "p(95)": 7.0197815
        },
        "iteration_duration": {
            "avg": 327.0202675467598,
            "min": 153.896771,
            "med": 337.39983500000005,
            "max": 783.812604,
            "p(90)": 383.07583,
            "p(95)": 392.5821584
        }
    }
}