{
    "metrics": {
        "http_req_duration": {
            "avg": 1550.339895060713,
            "min": 152.395566,
            "med": 1696.418872,
            "max": 2772.283429,
            "p(90)": 1790.4922784,
            "p(95)": 1867.4421858000005,
            "thresholds": {
                "p(95)<3000": false
            }
        },
        "http_reqs": {
            "rate": 28.37923918367631,
            "count": 2273
        },
        "http_req_duration{expected_response:true}": {
            "p(95)": 1867.4421858000005,
            "avg": 1550.339895060713,
            "min": 152.395566,
            "med": 1696.418872,
            "max": 2772.283429,
            "p(90)": 1790.4922784
        },
        "vus": {
            "value": 1,
            "min": 1,
            "max": 50
        },
        "error_rate": {
            "passes": 0,
            "fails": 2273,
            "thresholds": {
                "rate<0.01": false
            },
            "value": 0
        },
        "ttfb_ms": {
            "avg": 1546.1022277166737,
            "min": 147.258637,
            "med": 1692.032173,
            "max": 2769.32878,
            "p(90)": 1786.1919890000001,
            "p(95)": 1862.0430830000003
        },
        "http_req_blocked": {
            "avg": 1.2651762780466378,
            "min": 0.0002,
            "med": 0.000631,
            "max": 105.005561,
            "p(90)": 0.000961,
            "p(95)": 0.001176000000000001
        },
        "iteration_duration": {
            "p(95)": 1868.3334528000005,
            "avg": 1552.7184888688998,
            "min": 153.544612,
            "med": 1697.669354,
            "max": 2773.807279,
            "p(90)": 1792.0039219999999
        },
        "http_req_waiting": {
            "p(90)": 1786.1919890000001,
            "p(95)": 1862.0430830000003,
            "avg": 1546.1022277166737,
            "min": 147.258637,
            "med": 1692.032173,
            "max": 2769.32878
        },
        "vus_max": {
            "value": 50,
            "min": 50,
            "max": 50
        },
        "http_req_failed": {
            "passes": 0,
            "fails": 2273,
            "value": 0
        },
        "data_sent": {
            "count": 384178,
            "rate": 4796.6033220881645
        },
        "data_received": {
            "count": 47477413,
            "rate": 592772.925362597
        },
        "iterations": {
            "count": 2273,
            "rate": 28.37923918367631
        },
        "http_req_receiving": {
            "max": 18.018123,
            "p(90)": 5.784755,
            "p(95)": 6.5687832,
            "avg": 4.176120389353281,
            "min": 0.770465,
            "med": 4.241546
        },
        "total_requests": {
            "count": 2273,
            "rate": 28.37923918367631
        },
        "checks": {
            "passes": 6819,
            "fails": 0,
            "value": 1
        },
        "http_req_connecting": {
            "min": 0,
            "med": 0,
            "max": 21.938354,
            "p(90)": 0,
            "p(95)": 0,
            "avg": 0.292877332600088
        },
        "http_req_tls_handshaking": {
            "avg": 0.9487693893532778,
            "min": 0,
            "med": 0,
            "max": 61.211835,
            "p(90)": 0,
            "p(95)": 0
        },
        "http_req_sending": {
            "max": 2.793315,
            "p(90)": 0.08676479999999999,
            "p(95)": 0.13429860000000016,
            "avg": 0.06154695468543773,
            "min": 0.014035,
            "med": 0.052365
        }
    },
    "root_group": {
        "checks": {
            "status 200": {
                "id": "fad9fa412b86fcb03bee97c80dcd61f1",
                "passes": 2273,
                "fails": 0,
                "name": "status 200",
                "path": "::status 200"
            },
            "body not empty": {
                "path": "::body not empty",
                "id": "85076432bd9ecbfcd3fc3c4f2d4bdfe0",
                "passes": 2273,
                "fails": 0,
                "name": "body not empty"
            },
            "no PHP fatal": {
                "fails": 0,
                "name": "no PHP fatal",
                "path": "::no PHP fatal",
                "id": "2cbe457822e4680cdb27d4f07d8358dc",
                "passes": 2273
            }
        },
        "name": "",
        "path": "",
        "id": "d41d8cd98f00b204e9800998ecf8427e",
        "groups": {}
    }
}