{
    "root_group": {
        "checks": {
            "status 200": {
                "id": "fad9fa412b86fcb03bee97c80dcd61f1",
                "passes": 1761,
                "fails": 0,
                "name": "status 200",
                "path": "::status 200"
            },
            "body not empty": {
                "path": "::body not empty",
                "id": "85076432bd9ecbfcd3fc3c4f2d4bdfe0",
                "passes": 1761,
                "fails": 0,
                "name": "body not empty"
            },
            "no PHP fatal": {
                "fails": 0,
                "name": "no PHP fatal",
                "path": "::no PHP fatal",
                "id": "2cbe457822e4680cdb27d4f07d8358dc",
                "passes": 1761
            }
        },
        "name": "",
        "path": "",
        "id": "d41d8cd98f00b204e9800998ecf8427e",
        "groups": {}
    },
    "metrics": {
        "http_reqs": {
            "count": 1761,
            "rate": 21.971263677037996
        },
        "vus": {
            "min": 1,
            "max": 5,
            "value": 1
        },
        "http_req_receiving": {
            "max": 240.324911,
            "p(90)": 6.233495,
            "p(95)": 8.453137,
            "avg": 4.593016228279381,
            "min": 0.800703,
            "med": 4.147115
        },
        "data_sent": {
            "count": 229601,
            "rate": 2864.6360655943217
        },
        "http_req_tls_handshaking": {
            "p(90)": 0,
            "p(95)": 0,
            "avg": 0.17763866269165246,
            "min": 0,
            "med": 0,
            "max": 94.777203
        },
        "vus_max": {
            "value": 5,
            "min": 5,
            "max": 5
        },
        "ttfb_ms": {
            "avg": 191.62896675070965,
            "min": 147.446882,
            "med": 187.388108,
            "max": 401.0145,
            "p(90)": 217.366967,
            "p(95)": 228.310352
        },
        "iteration_duration": {
            "max": 5284.380297,
            "p(90)": 223.204691,
            "p(95)": 236.504966,
            "avg": 201.97478672458857,
            "min": 152.597104,
            "med": 192.852747
        },
        "http_req_waiting": {
            "p(95)": 228.310352,
            "avg": 191.62896675070965,
            "min": 147.446882,
            "med": 187.388108,
            "max": 401.0145,
            "p(90)": 217.366967
        },
        "data_received": {
            "count": 36585024,
            "rate": 456456.10955977475
        },
        "http_req_duration": {
            "p(90)": 221.708758,
            "p(95)": 234.318601,
            "avg": 196.2852873821692,
            "min": 151.561822,
            "med": 191.695976,
            "max": 461.407613,
            "thresholds": {
                "p(95)<3000": false
            }
        },
        "http_req_failed": {
            "fails": 1761,
            "passes": 0,
            "value": 0
        },
        "checks": {
            "passes": 5283,
            "fails": 0,
            "value": 1
        },
        "http_req_connecting": {
            "p(95)": 0,
            "avg": 0.03805452981260647,
            "min": 0,
            "med": 0,
            "max": 14.588618,
            "p(90)": 0
        },
        "http_req_sending": {
            "min": 0.012444,
            "med": 0.053939,
            "max": 0.808354,
            "p(90)": 0.093059,
            "p(95)": 0.140835,
            "avg": 0.06330440318001122
        },
        "http_req_duration{expected_response:true}": {
            "med": 191.695976,
            "max": 461.407613,
            "p(90)": 221.708758,
            "p(95)": 234.318601,
            "avg": 196.2852873821692,
            "min": 151.561822
        },
        "total_requests": {
            "count": 1761,
            "rate": 21.971263677037996
        },
        "iterations": {
            "count": 1761,
            "rate": 21.971263677037996
        },
        "http_req_blocked": {
            "min": 0.0002,
            "med": 0.000641,
            "max": 5067.739168,
            "p(90)": 0.001022,
            "p(95)": 0.001162,
            "avg": 4.480859513912562
        },
        "error_rate": {
            "passes": 0,
            "fails": 1761,
            "thresholds": {
                "rate<0.01": false
            },
            "value": 0
        }
    }
}