{
    "root_group": {
        "name": "",
        "path": "",
        "id": "d41d8cd98f00b204e9800998ecf8427e",
        "groups": {},
        "checks": {
                "status 200": {
                    "fails": 0,
                    "name": "status 200",
                    "path": "::status 200",
                    "id": "fad9fa412b86fcb03bee97c80dcd61f1",
                    "passes": 1892
                },
                "body not empty": {
                    "passes": 1892,
                    "fails": 0,
                    "name": "body not empty",
                    "path": "::body not empty",
                    "id": "85076432bd9ecbfcd3fc3c4f2d4bdfe0"
                },
                "no PHP fatal": {
                    "path": "::no PHP fatal",
                    "id": "2cbe457822e4680cdb27d4f07d8358dc",
                    "passes": 1892,
                    "fails": 0,
                    "name": "no PHP fatal"
                }
            }
    },
    "metrics": {
        "vus_max": {
            "max": 10,
            "value": 10,
            "min": 10
        },
        "http_req_duration{expected_response:true}": {
            "p(90)": 418.343539,
            "p(95)": 435.33929444999984,
            "avg": 372.0430274392183,
            "min": 178.209381,
            "med": 388.64478499999996,
            "max": 711.508511
        },
        "data_received": {
            "count": 39467407,
            "rate": 493097.22206958587
        },
        "total_requests": {
            "count": 1892,
            "rate": 23.638237600855216
        },
        "ttfb_ms": {
            "max": 705.557695,
            "p(90)": 412.3499238,
            "p(95)": 429.01878005,
            "avg": 366.08334852325675,
            "min": 173.721091,
            "med": 382.77629449999995
        },
        "vus": {
            "value": 1,
            "min": 1,
            "max": 10
        },
        "http_reqs": {
            "rate": 23.638237600855216,
            "count": 1892
        },
        "http_req_connecting": {
            "avg": 0.08629767706131078,
            "min": 0,
            "med": 0,
            "max": 18.568807,
            "p(90)": 0,
            "p(95)": 0
        },
        "data_sent": {
            "count": 275346,
            "rate": 3440.113197909662
        },
        "iteration_duration": {
            "avg": 373.0189225692381,
            "min": 178.736016,
            "med": 389.3686655,
            "max": 711.955353,
            "p(90)": 419.218052,
            "p(95)": 436.0008152499999
        },
        "http_req_sending": {
            "p(90)": 0.043016000000000026,
            "p(95)": 0.05089249999999993,
            "avg": 0.030530936046511643,
            "min": 0.007374,
            "med": 0.027512,
            "max": 0.839182
        },
        "iterations": {
            "count": 1892,
            "rate": 23.638237600855216
        },
        "http_req_duration": {
            "avg": 372.0430274392183,
            "min": 178.209381,
            "med": 388.64478499999996,
            "max": 711.508511,
            "p(90)": 418.343539,
            "p(95)": 435.33929444999984,
            "thresholds": {
                "p(95)<3000": false
            }
        },
        "http_req_tls_handshaking": {
            "min": 0,
            "med": 0,
            "max": 54.346973,
            "p(90)": 0,
            "p(95)": 0,
            "avg": 0.23541797198731504
        },
        "error_rate": {
            "passes": 0,
            "fails": 1892,
            "thresholds": {
                "rate<0.01": false
            },
            "value": 0
        },
        "http_req_blocked": {
            "avg": 0.32488278012685334,
            "min": 0.00011,
            "med": 0.000351,
            "max": 74.025244,
            "p(90)": 0.0006219000000000001,
            "p(95)": 0.0006960499999999984
        },
        "checks": {
            "passes": 5676,
            "fails": 0,
            "value": 1
        },
        "http_req_waiting": {
            "min": 173.721091,
            "med": 382.77629449999995,
            "max": 705.557695,
            "p(90)": 412.3499238,
            "p(95)": 429.01878005,
            "avg": 366.08334852325675
        },
        "http_req_receiving": {
            "max": 20.126376,
            "p(90)": 6.451709900000001,
            "p(95)": 6.83357295,
            "avg": 5.929147979915436,
            "min": 1.918509,
            "med": 5.8538274999999995
        },
        "http_req_failed": {
            "passes": 0,
            "fails": 1892,
            "value": 0
        }
    }
}