{
    "root_group": {
        "checks": {
            "status 200": {
                "name": "status 200",
                "path": "::status 200",
                "id": "fad9fa412b86fcb03bee97c80dcd61f1",
                "passes": 1602,
                "fails": 0
            },
            "body not empty": {
                "path": "::body not empty",
                "id": "85076432bd9ecbfcd3fc3c4f2d4bdfe0",
                "passes": 1602,
                "fails": 0,
                "name": "body not empty"
            },
            "no PHP fatal": {
                "id": "2cbe457822e4680cdb27d4f07d8358dc",
                "passes": 1602,
                "fails": 0,
                "name": "no PHP fatal",
                "path": "::no PHP fatal"
            }
        },
        "name": "",
        "path": "",
        "id": "d41d8cd98f00b204e9800998ecf8427e",
        "groups": {}
    },
    "metrics": {
        "ttfb_ms": {
            "p(90)": 233.8162754,
            "p(95)": 241.79295614999998,
            "avg": 214.99172497066203,
            "min": 170.685103,
            "med": 213.70358700000003,
            "max": 359.139639
        },
        "http_req_tls_handshaking": {
            "med": 0,
            "max": 55.283114,
            "p(90)": 0,
            "p(95)": 0,
            "avg": 0.1436841747815231,
            "min": 0
        },
        "data_sent": {
            "count": 226553,
            "rate": 2829.613271915684
        },
        "http_req_waiting": {
            "max": 359.139639,
            "p(90)": 233.8162754,
            "p(95)": 241.79295614999998,
            "avg": 214.99172497066203,
            "min": 170.685103,
            "med": 213.70358700000003
        },
        "iterations": {
            "count": 1602,
            "rate": 20.008741714340246
        },
        "iteration_duration": {
            "min": 176.479645,
            "med": 220.37051400000001,
            "max": 457.05902,
            "p(90)": 241.19563520000003,
            "p(95)": 248.82112714999997,
            "avg": 221.88610426154855
        },
        "vus": {
            "value": 1,
            "min": 1,
            "max": 5
        },
        "http_req_connecting": {
            "p(90)": 0,
            "p(95)": 0,
            "avg": 0.050234138576779025,
            "min": 0,
            "med": 0,
            "max": 16.779199
        },
        "http_req_failed": {
            "passes": 0,
            "fails": 1602,
            "value": 0
        },
        "http_req_duration": {
            "p(95)": 247.5945525,
            "avg": 221.00713495255974,
            "min": 175.928337,
            "med": 219.665889,
            "max": 364.88945,
            "p(90)": 239.8708787,
            "thresholds": {
                "p(95)<3000": false
            }
        },
        "total_requests": {
            "count": 1602,
            "rate": 20.008741714340246
        },
        "http_req_receiving": {
            "avg": 5.9809369132334655,
            "min": 1.251653,
            "med": 5.930737499999999,
            "max": 46.123578,
            "p(90)": 6.3718165,
            "p(95)": 6.752036249999996
        },
        "http_req_duration{expected_response:true}": {
            "p(95)": 247.5945525,
            "avg": 221.00713495255974,
            "min": 175.928337,
            "med": 219.665889,
            "max": 364.88945,
            "p(90)": 239.8708787
        },
        "checks": {
            "fails": 0,
            "passes": 4806,
            "value": 1
        },
        "http_req_sending": {
            "avg": 0.03447306866416976,
            "min": 0.007414,
            "med": 0.028929,
            "max": 0.284645,
            "p(90)": 0.052548900000000016,
            "p(95)": 0.07879774999999946
        },
        "data_received": {
            "count": 33383936,
            "rate": 416960.39502625784
        },
        "vus_max": {
            "value": 5,
            "min": 5,
            "max": 5
        },
        "http_reqs": {
            "count": 1602,
            "rate": 20.008741714340246
        },
        "http_req_blocked": {
            "avg": 0.20643303308364622,
            "min": 0.00011,
            "med": 0.00036,
            "max": 90.759113,
            "p(90)": 0.000651,
            "p(95)": 0.000701
        },
        "error_rate": {
            "passes": 0,
            "fails": 1602,
            "thresholds": {
                "rate<0.01": false
            },
            "value": 0
        }
    }
}