{
    "metrics": {
        "http_req_waiting": {
            "min": 173.895232,
            "med": 217.525294,
            "max": 333.272117,
            "p(90)": 237.4738318,
            "p(95)": 246.0730572,
            "avg": 218.60861630324237
        },
        "iterations": {
            "rate": 19.65870826692969,
            "count": 1573
        },
        "error_rate": {
            "passes": 0,
            "fails": 1573,
            "thresholds": {
                "rate<0.01": false
            },
            "value": 0
        },
        "http_req_sending": {
            "p(90)": 0.099225,
            "p(95)": 0.12884899999999996,
            "avg": 0.05849086141131584,
            "min": 0.009618,
            "med": 0.047629,
            "max": 0.526052
        },
        "http_req_duration": {
            "p(95)": 252.23592819999996,
            "avg": 224.65903450222498,
            "min": 180.349848,
            "med": 223.787249,
            "max": 338.974367,
            "p(90)": 243.6517234,
            "thresholds": {
                "p(95)<3000": false
            }
        },
        "checks": {
            "passes": 4719,
            "fails": 0,
            "value": 1
        },
        "vus": {
            "value": 1,
            "min": 1,
            "max": 5
        },
        "vus_max": {
            "max": 5,
            "value": 5,
            "min": 5
        },
        "data_received": {
            "count": 32774273,
            "rate": 409599.4097696825
        },
        "http_req_duration{expected_response:true}": {
            "med": 223.787249,
            "max": 338.974367,
            "p(90)": 243.6517234,
            "p(95)": 252.23592819999996,
            "avg": 224.65903450222498,
            "min": 180.349848
        },
        "http_req_blocked": {
            "avg": 0.19978968785759735,
            "min": 0.000151,
            "med": 0.000531,
            "max": 70.881551,
            "p(90)": 0.0008818,
            "p(95)": 0.0010155999999999989
        },
        "http_req_receiving": {
            "avg": 5.991927337571526,
            "min": 1.454552,
            "med": 5.903558,
            "max": 20.270227,
            "p(90)": 6.5154498,
            "p(95)": 6.957819599999999
        },
        "data_sent": {
            "rate": 2783.2756672514793,
            "count": 222705
        },
        "http_reqs": {
            "count": 1573,
            "rate": 19.65870826692969
        },
        "http_req_failed": {
            "passes": 0,
            "fails": 1573,
            "value": 0
        },
        "http_req_tls_handshaking": {
            "max": 53.933023,
            "p(90)": 0,
            "p(95)": 0,
            "avg": 0.14603619898283535,
            "min": 0,
            "med": 0
        },
        "http_req_connecting": {
            "p(95)": 0,
            "avg": 0.05063024411951685,
            "min": 0,
            "med": 0,
            "max": 16.432155,
            "p(90)": 0
        },
        "total_requests": {
            "count": 1573,
            "rate": 19.65870826692969
        },
        "iteration_duration": {
            "min": 181.458698,
            "med": 224.804055,
            "max": 339.741562,
            "p(90)": 245.35636019999998,
            "p(95)": 253.95558,
            "avg": 225.8797250680226
        },
        "ttfb_ms": {
            "min": 173.895232,
            "med": 217.525294,
            "max": 333.272117,
            "p(90)": 237.4738318,
            "p(95)": 246.0730572,
            "avg": 218.60861630324237
        }
    },
    "root_group": {
        "name": "",
        "path": "",
        "id": "d41d8cd98f00b204e9800998ecf8427e",
        "groups": {},
        "checks": {
                "status 200": {
                    "name": "status 200",
                    "path": "::status 200",
                    "id": "fad9fa412b86fcb03bee97c80dcd61f1",
                    "passes": 1573,
                    "fails": 0
                },
                "body not empty": {
                    "name": "body not empty",
                    "path": "::body not empty",
                    "id": "85076432bd9ecbfcd3fc3c4f2d4bdfe0",
                    "passes": 1573,
                    "fails": 0
                },
                "no PHP fatal": {
                    "name": "no PHP fatal",
                    "path": "::no PHP fatal",
                    "id": "2cbe457822e4680cdb27d4f07d8358dc",
                    "passes": 1573,
                    "fails": 0
                }
            }
    }
}