{
    "root_group": {
        "id": "d41d8cd98f00b204e9800998ecf8427e",
        "groups": {},
        "checks": {
                "status 200": {
                    "name": "status 200",
                    "path": "::status 200",
                    "id": "fad9fa412b86fcb03bee97c80dcd61f1",
                    "passes": 1943,
                    "fails": 0
                },
                "body not empty": {
                    "name": "body not empty",
                    "path": "::body not empty",
                    "id": "85076432bd9ecbfcd3fc3c4f2d4bdfe0",
                    "passes": 1943,
                    "fails": 0
                },
                "no PHP fatal": {
                    "name": "no PHP fatal",
                    "path": "::no PHP fatal",
                    "id": "2cbe457822e4680cdb27d4f07d8358dc",
                    "passes": 1943,
                    "fails": 0
                }
            },
        "name": "",
        "path": ""
    },
    "metrics": {
        "vus_max": {
            "min": 25,
            "max": 25,
            "value": 25
        },
        "http_req_sending": {
            "med": 0.029936,
            "max": 0.618065,
            "p(90)": 0.05207399999999999,
            "p(95)": 0.07085289999999998,
            "avg": 0.0345796356150283,
            "min": 0.006893
        },
        "http_reqs": {
            "count": 1943,
            "rate": 24.25149935613702
        },
        "http_req_duration{expected_response:true}": {
            "p(90)": 1045.9497474,
            "p(95)": 1102.1629530999999,
            "avg": 906.1998096160577,
            "min": 180.69305,
            "med": 976.094169,
            "max": 2120.297662
        },
        "vus": {
            "max": 25,
            "value": 1,
            "min": 1
        },
        "total_requests": {
            "count": 1943,
            "rate": 24.25149935613702
        },
        "iteration_duration": {
            "avg": 908.0132150977871,
            "min": 181.232536,
            "med": 976.891252,
            "max": 2120.815268,
            "p(90)": 1046.7123589999999,
            "p(95)": 1102.9133276
        },
        "error_rate": {
            "passes": 0,
            "fails": 1943,
            "thresholds": {
                "rate<0.01": false
            },
            "value": 0
        },
        "http_req_connecting": {
            "min": 0,
            "med": 0,
            "max": 20.771579,
            "p(90)": 0,
            "p(95)": 0,
            "avg": 0.20788735563561506
        },
        "http_req_waiting": {
            "min": 174.806345,
            "med": 970.343183,
            "max": 2113.177852,
            "p(90)": 1040.1917528000001,
            "p(95)": 1095.7923068999999,
            "avg": 900.2839014107059
        },
        "checks": {
            "passes": 5829,
            "fails": 0,
            "value": 1
        },
        "data_received": {
            "count": 40630894,
            "rate": 507133.3503243806
        },
        "http_req_blocked": {
            "p(95)": 0.000782,
            "avg": 0.7776476212043325,
            "min": 0.00009,
            "med": 0.000361,
            "max": 73.770278,
            "p(90)": 0.000671
        },
        "iterations": {
            "count": 1943,
            "rate": 24.25149935613702
        },
        "http_req_receiving": {
            "avg": 5.881328569737511,
            "min": 0.718173,
            "med": 5.92137,
            "max": 19.169449,
            "p(90)": 6.6144022,
            "p(95)": 7.0448439
        },
        "http_req_tls_handshaking": {
            "avg": 0.5657387251672672,
            "min": 0,
            "med": 0,
            "max": 54.282869,
            "p(90)": 0,
            "p(95)": 0
        },
        "http_req_failed": {
            "passes": 0,
            "fails": 1943,
            "value": 0
        },
        "data_sent": {
            "count": 308325,
            "rate": 3848.349736994826
        },
        "ttfb_ms": {
            "p(95)": 1095.7923068999999,
            "avg": 900.2839014107059,
            "min": 174.806345,
            "med": 970.343183,
            "max": 2113.177852,
            "p(90)": 1040.1917528000001
        },
        "http_req_duration": {
            "p(95)": 1102.1629530999999,
            "avg": 906.1998096160577,
            "min": 180.69305,
            "med": 976.094169,
            "max": 2120.297662,
            "p(90)": 1045.9497474,
            "thresholds": {
                "p(95)<3000": false
            }
        }
    }
}