{
    "metrics": {
        "total_requests": {
            "count": 1969,
            "rate": 24.575115119027117
        },
        "http_req_connecting": {
            "min": 0,
            "med": 0,
            "max": 18.30581,
            "p(90)": 0,
            "p(95)": 14.772066799999982,
            "avg": 0.8037177536820724
        },
        "iteration_duration": {
            "avg": 3630.686263166084,
            "min": 194.179784,
            "med": 3940.020426,
            "max": 5071.658755,
            "p(90)": 4079.9040894,
            "p(95)": 4191.632381999999
        },
        "iterations": {
            "count": 1969,
            "rate": 24.575115119027117
        },
        "http_req_waiting": {
            "avg": 3620.841791325035,
            "min": 188.415193,
            "med": 3933.615059,
            "max": 5064.745469,
            "p(90)": 4069.6423176,
            "p(95)": 4185.418233199998
        },
        "http_reqs": {
            "count": 1969,
            "rate": 24.575115119027117
        },
        "http_req_duration{expected_response:true}": {
            "med": 3939.218137,
            "max": 5070.784065,
            "p(90)": 4076.7944608,
            "p(95)": 4190.894268799999,
            "avg": 3626.9548548278294,
            "min": 193.337295
        },
        "http_req_duration": {
            "med": 3939.218137,
            "max": 5070.784065,
            "p(90)": 4076.7944608,
            "p(95)": 4190.894268799999,
            "avg": 3626.9548548278294,
            "min": 193.337295,
            "thresholds": {
                "p(95)<3000": true
            }
        },
        "vus_max": {
            "value": 100,
            "min": 100,
            "max": 100
        },
        "error_rate": {
            "passes": 0,
            "fails": 1969,
            "thresholds": {
                "rate<0.01": false
            },
            "value": 0
        },
        "http_req_tls_handshaking": {
            "avg": 2.1920223499238194,
            "min": 0,
            "med": 0,
            "max": 61.965164,
            "p(90)": 0,
            "p(95)": 39.00777839999999
        },
        "http_req_sending": {
            "avg": 0.03484880345352966,
            "min": 0.008576,
            "med": 0.030608,
            "max": 0.649414,
            "p(90)": 0.051487200000000004,
            "p(95)": 0.069896
        },
        "http_req_failed": {
            "passes": 0,
            "fails": 1969,
            "value": 0
        },
        "ttfb_ms": {
            "min": 188.415193,
            "med": 3933.615059,
            "max": 5064.745469,
            "p(90)": 4069.6423176,
            "p(95)": 4185.418233199998,
            "avg": 3620.841791325035
        },
        "data_sent": {
            "count": 448220,
            "rate": 5594.239765693415
        },
        "vus": {
            "max": 100,
            "value": 2,
            "min": 2
        },
        "http_req_blocked": {
            "med": 0.000371,
            "max": 79.154642,
            "p(90)": 0.000761,
            "p(95)": 55.2053684,
            "avg": 3.0045431660741446,
            "min": 0.00011
        },
        "http_req_receiving": {
            "min": 0.776875,
            "med": 5.981393,
            "max": 23.950072,
            "p(90)": 6.962207,
            "p(95)": 7.5351289999999995,
            "avg": 6.07821469933977
        },
        "data_received": {
            "count": 41535539,
            "rate": 518405.6132330322
        },
        "checks": {
            "passes": 5907,
            "fails": 0,
            "value": 1
        }
    },
    "root_group": {
        "name": "",
        "path": "",
        "id": "d41d8cd98f00b204e9800998ecf8427e",
        "groups": {},
        "checks": {
                "status 200": {
                    "name": "status 200",
                    "path": "::status 200",
                    "id": "fad9fa412b86fcb03bee97c80dcd61f1",
                    "passes": 1969,
                    "fails": 0
                },
                "body not empty": {
                    "name": "body not empty",
                    "path": "::body not empty",
                    "id": "85076432bd9ecbfcd3fc3c4f2d4bdfe0",
                    "passes": 1969,
                    "fails": 0
                },
                "no PHP fatal": {
                    "name": "no PHP fatal",
                    "path": "::no PHP fatal",
                    "id": "2cbe457822e4680cdb27d4f07d8358dc",
                    "passes": 1969,
                    "fails": 0
                }
            }
    }
}