{
    "metrics": {
        "http_req_receiving": {
            "avg": 5.714877883068786,
            "min": 0.520652,
            "med": 5.7610125,
            "max": 14.384197,
            "p(90)": 6.424231600000001,
            "p(95)": 6.81443205
        },
        "http_req_duration{expected_response:true}": {
            "avg": 372.2115955444449,
            "min": 176.119898,
            "med": 387.8997175,
            "max": 961.735463,
            "p(90)": 417.918418,
            "p(95)": 431.95809685
        },
        "checks": {
            "passes": 5670,
            "fails": 0,
            "value": 1
        },
        "vus_max": {
            "min": 10,
            "max": 10,
            "value": 10
        },
        "data_received": {
            "count": 39424660,
            "rate": 491781.90072443715
        },
        "http_req_blocked": {
            "p(95)": 0.000712,
            "avg": 0.31210021851852,
            "min": 0.00012,
            "med": 0.000361,
            "max": 72.839838,
            "p(90)": 0.000661
        },
        "iteration_duration": {
            "p(90)": 418.758854,
            "p(95)": 432.6867453,
            "avg": 373.55249845290933,
            "min": 176.649557,
            "med": 388.65551949999997,
            "max": 1073.088251
        },
        "http_reqs": {
            "count": 1890,
            "rate": 23.575797289543807
        },
        "http_req_sending": {
            "avg": 0.032881144973545016,
            "min": 0.007083,
            "med": 0.028804,
            "max": 0.844322,
            "p(90)": 0.048392000000000004,
            "p(95)": 0.06333105
        },
        "data_sent": {
            "rate": 3424.0789441191514,
            "count": 274498
        },
        "http_req_waiting": {
            "avg": 366.4638365164016,
            "min": 170.770723,
            "med": 382.077411,
            "max": 959.228083,
            "p(90)": 412.15562070000004,
            "p(95)": 426.08972064999995
        },
        "http_req_failed": {
            "passes": 0,
            "fails": 1890,
            "value": 0
        },
        "iterations": {
            "count": 1890,
            "rate": 23.575797289543807
        },
        "http_req_duration": {
            "avg": 372.2115955444449,
            "min": 176.119898,
            "med": 387.8997175,
            "max": 961.735463,
            "p(90)": 417.918418,
            "p(95)": 431.95809685,
            "thresholds": {
                "p(95)<3000": false
            }
        },
        "http_req_connecting": {
            "med": 0,
            "max": 17.061957,
            "p(90)": 0,
            "p(95)": 0,
            "avg": 0.08599736719576721,
            "min": 0
        },
        "http_req_tls_handshaking": {
            "p(95)": 0,
            "avg": 0.22283418994708992,
            "min": 0,
            "med": 0,
            "max": 53.059935,
            "p(90)": 0
        },
        "ttfb_ms": {
            "avg": 366.4638365164016,
            "min": 170.770723,
            "med": 382.077411,
            "max": 959.228083,
            "p(90)": 412.15562070000004,
            "p(95)": 426.08972064999995
        },
        "total_requests": {
            "count": 1890,
            "rate": 23.575797289543807
        },
        "vus": {
            "max": 10,
            "value": 1,
            "min": 1
        },
        "error_rate": {
            "passes": 0,
            "fails": 1890,
            "thresholds": {
                "rate<0.01": false
            },
            "value": 0
        }
    },
    "root_group": {
        "name": "",
        "path": "",
        "id": "d41d8cd98f00b204e9800998ecf8427e",
        "groups": {},
        "checks": {
                "status 200": {
                    "name": "status 200",
                    "path": "::status 200",
                    "id": "fad9fa412b86fcb03bee97c80dcd61f1",
                    "passes": 1890,
                    "fails": 0
                },
                "body not empty": {
                    "passes": 1890,
                    "fails": 0,
                    "name": "body not empty",
                    "path": "::body not empty",
                    "id": "85076432bd9ecbfcd3fc3c4f2d4bdfe0"
                },
                "no PHP fatal": {
                    "name": "no PHP fatal",
                    "path": "::no PHP fatal",
                    "id": "2cbe457822e4680cdb27d4f07d8358dc",
                    "passes": 1890,
                    "fails": 0
                }
            }
    }
}