{
    "metrics": {
        "http_req_blocked": {
            "avg": 0.1994376360248458,
            "min": 0.00012,
            "med": 0.00035,
            "max": 76.170973,
            "p(90)": 0.0006120000000000013,
            "p(95)": 0.000681
        },
        "http_req_duration{expected_response:true}": {
            "p(95)": 245.6350814,
            "avg": 219.86726559316767,
            "min": 173.098624,
            "med": 218.7654495,
            "max": 362.119047,
            "p(90)": 239.84141770000002
        },
        "iterations": {
            "rate": 20.117787070972813,
            "count": 1610
        },
        "error_rate": {
            "passes": 0,
            "fails": 1610,
            "thresholds": {
                "rate<0.01": false
            },
            "value": 0
        },
        "http_reqs": {
            "count": 1610,
            "rate": 20.117787070972813
        },
        "data_received": {
            "count": 33550006,
            "rate": 419224.7682843853
        },
        "ttfb_ms": {
            "avg": 213.88409054968938,
            "min": 167.5914,
            "med": 212.97187250000002,
            "max": 356.08517,
            "p(90)": 234.10128110000002,
            "p(95)": 239.8922504
        },
        "vus": {
            "value": 1,
            "min": 1,
            "max": 5
        },
        "vus_max": {
            "value": 5,
            "min": 5,
            "max": 5
        },
        "http_req_tls_handshaking": {
            "avg": 0.14728563478260873,
            "min": 0,
            "med": 0,
            "max": 56.429962,
            "p(90)": 0,
            "p(95)": 0
        },
        "http_req_receiving": {
            "avg": 5.950535354037266,
            "min": 0.858427,
            "med": 5.9394694999999995,
            "max": 21.115681,
            "p(90)": 6.410453,
            "p(95)": 6.63775625
        },
        "http_req_failed": {
            "fails": 1610,
            "passes": 0,
            "value": 0
        },
        "http_req_connecting": {
            "avg": 0.049089931055900614,
            "min": 0,
            "med": 0,
            "max": 16.681758,
            "p(90)": 0,
            "p(95)": 0
        },
        "http_req_waiting": {
            "avg": 213.88409054968938,
            "min": 167.5914,
            "med": 212.97187250000002,
            "max": 356.08517,
            "p(90)": 234.10128110000002,
            "p(95)": 239.8922504
        },
        "http_req_sending": {
            "min": 0.007414,
            "med": 0.028338500000000003,
            "max": 0.696883,
            "p(90)": 0.04714800000000002,
            "p(95)": 0.06284949999999997,
            "avg": 0.03263968944099379
        },
        "checks": {
            "passes": 4830,
            "fails": 0,
            "value": 1
        },
        "http_req_duration": {
            "avg": 219.86726559316767,
            "min": 173.098624,
            "med": 218.7654495,
            "max": 362.119047,
            "p(90)": 239.84141770000002,
            "p(95)": 245.6350814,
            "thresholds": {
                "p(95)<3000": false
            }
        },
        "total_requests": {
            "rate": 20.117787070972813,
            "count": 1610
        },
        "data_sent": {
            "count": 227497,
            "rate": 2842.6932952081384
        },
        "iteration_duration": {
            "avg": 220.7326358310561,
            "min": 173.685129,
            "med": 219.4677765,
            "max": 382.290019,
            "p(90)": 240.7305911,
            "p(95)": 246.7755295
        }
    },
    "root_group": {
        "name": "",
        "path": "",
        "id": "d41d8cd98f00b204e9800998ecf8427e",
        "groups": {},
        "checks": {
                "status 200": {
                    "passes": 1610,
                    "fails": 0,
                    "name": "status 200",
                    "path": "::status 200",
                    "id": "fad9fa412b86fcb03bee97c80dcd61f1"
                },
                "body not empty": {
                    "name": "body not empty",
                    "path": "::body not empty",
                    "id": "85076432bd9ecbfcd3fc3c4f2d4bdfe0",
                    "passes": 1610,
                    "fails": 0
                },
                "no PHP fatal": {
                    "name": "no PHP fatal",
                    "path": "::no PHP fatal",
                    "id": "2cbe457822e4680cdb27d4f07d8358dc",
                    "passes": 1610,
                    "fails": 0
                }
            }
    }
}