{
    "root_group": {
        "path": "",
        "id": "d41d8cd98f00b204e9800998ecf8427e",
        "groups": {},
        "checks": {
                "status 200": {
                    "name": "status 200",
                    "path": "::status 200",
                    "id": "fad9fa412b86fcb03bee97c80dcd61f1",
                    "passes": 1971,
                    "fails": 0
                },
                "body not empty": {
                    "name": "body not empty",
                    "path": "::body not empty",
                    "id": "85076432bd9ecbfcd3fc3c4f2d4bdfe0",
                    "passes": 1971,
                    "fails": 0
                },
                "no PHP fatal": {
                    "name": "no PHP fatal",
                    "path": "::no PHP fatal",
                    "id": "2cbe457822e4680cdb27d4f07d8358dc",
                    "passes": 1971,
                    "fails": 0
                }
            },
        "name": ""
    },
    "metrics": {
        "checks": {
            "passes": 5913,
            "fails": 0,
            "value": 1
        },
        "http_req_waiting": {
            "p(95)": 2161.9612845,
            "avg": 1786.389915895993,
            "min": 181.131254,
            "med": 1956.478933,
            "max": 3074.567627,
            "p(90)": 2068.213988
        },
        "vus_max": {
            "max": 50,
            "value": 50,
            "min": 50
        },
        "http_req_duration": {
            "min": 188.779248,
            "med": 1962.320259,
            "max": 3080.578285,
            "p(90)": 2073.534124,
            "p(95)": 2167.5699594999996,
            "avg": 1792.34791038204,
            "thresholds": {
                "p(95)<3000": false
            }
        },
        "http_reqs": {
            "count": 1971,
            "rate": 24.62754311848791
        },
        "data_received": {
            "count": 41337516,
            "rate": 516510.12567284825
        },
        "http_req_connecting": {
            "avg": 0.4113909188229325,
            "min": 0,
            "med": 0,
            "max": 27.334327,
            "p(90)": 0,
            "p(95)": 0
        },
        "http_req_receiving": {
            "avg": 5.923088521055314,
            "min": 0.977322,
            "med": 5.858401,
            "max": 92.910968,
            "p(90)": 6.670532,
            "p(95)": 7.4249785
        },
        "http_req_tls_handshaking": {
            "max": 54.258761,
            "p(90)": 0,
            "p(95)": 0,
            "avg": 1.0819594205986809,
            "min": 0,
            "med": 0
        },
        "http_req_sending": {
            "p(90)": 0.052228,
            "p(95)": 0.06759200000000001,
            "avg": 0.03490596499238959,
            "min": 0.006823,
            "med": 0.031389,
            "max": 0.475196
        },
        "total_requests": {
            "count": 1971,
            "rate": 24.62754311848791
        },
        "data_sent": {
            "count": 357554,
            "rate": 4467.618747939029
        },
        "vus": {
            "value": 1,
            "min": 1,
            "max": 50
        },
        "error_rate": {
            "passes": 0,
            "fails": 1971,
            "thresholds": {
                "rate<0.01": false
            },
            "value": 0
        },
        "http_req_duration{expected_response:true}": {
            "p(90)": 2073.534124,
            "p(95)": 2167.5699594999996,
            "avg": 1792.34791038204,
            "min": 188.779248,
            "med": 1962.320259,
            "max": 3080.578285
        },
        "iteration_duration": {
            "min": 189.633859,
            "med": 1962.976759,
            "max": 3081.614659,
            "p(90)": 2074.226519,
            "p(95)": 2168.5017159999998,
            "avg": 1794.5780403373913
        },
        "http_req_failed": {
            "passes": 0,
            "fails": 1971,
            "value": 0
        },
        "http_req_blocked": {
            "max": 72.713272,
            "p(90)": 0.000711,
            "p(95)": 0.0008165,
            "avg": 1.4991689107052273,
            "min": 0.00011,
            "med": 0.000371
        },
        "ttfb_ms": {
            "avg": 1786.389915895993,
            "min": 181.131254,
            "med": 1956.478933,
            "max": 3074.567627,
            "p(90)": 2068.213988,
            "p(95)": 2161.9612845
        },
        "iterations": {
            "count": 1971,
            "rate": 24.62754311848791
        }
    }
}