{
    "root_group": {
        "id": "d41d8cd98f00b204e9800998ecf8427e",
        "groups": {},
        "checks": {
                "status 200": {
                    "passes": 1846,
                    "fails": 0,
                    "name": "status 200",
                    "path": "::status 200",
                    "id": "fad9fa412b86fcb03bee97c80dcd61f1"
                },
                "body not empty": {
                    "fails": 0,
                    "name": "body not empty",
                    "path": "::body not empty",
                    "id": "85076432bd9ecbfcd3fc3c4f2d4bdfe0",
                    "passes": 1846
                },
                "no PHP fatal": {
                    "path": "::no PHP fatal",
                    "id": "2cbe457822e4680cdb27d4f07d8358dc",
                    "passes": 1846,
                    "fails": 0,
                    "name": "no PHP fatal"
                }
            },
        "name": "",
        "path": ""
    },
    "metrics": {
        "http_req_waiting": {
            "med": 390.4137885,
            "max": 794.045555,
            "p(90)": 429.268632,
            "p(95)": 452.08304825,
            "avg": 375.0174045276284,
            "min": 172.423298
        },
        "http_req_sending": {
            "avg": 0.05297173239436617,
            "min": 0.009628,
            "med": 0.046227,
            "max": 0.953788,
            "p(90)": 0.07941000000000001,
            "p(95)": 0.10916324999999999
        },
        "http_req_receiving": {
            "avg": 5.916454657638146,
            "min": 2.213322,
            "med": 5.7891224999999995,
            "max": 22.618207,
            "p(90)": 6.6419755,
            "p(95)": 7.1366985
        },
        "http_req_connecting": {
            "avg": 0.08820418418201516,
            "min": 0,
            "med": 0,
            "max": 18.352936,
            "p(90)": 0,
            "p(95)": 0
        },
        "vus": {
            "value": 1,
            "min": 1,
            "max": 10
        },
        "http_reqs": {
            "count": 1846,
            "rate": 23.056848601135627
        },
        "http_req_tls_handshaking": {
            "p(90)": 0,
            "p(95)": 0,
            "avg": 0.23932925460455037,
            "min": 0,
            "med": 0,
            "max": 56.956657
        },
        "vus_max": {
            "value": 10,
            "min": 10,
            "max": 10
        },
        "error_rate": {
            "passes": 0,
            "fails": 1846,
            "thresholds": {
                "rate<0.01": false
            },
            "value": 0
        },
        "http_req_duration{expected_response:true}": {
            "avg": 380.9868309176596,
            "min": 178.045557,
            "med": 396.4955485,
            "max": 799.709231,
            "p(90)": 435.3350025,
            "p(95)": 458.53594075
        },
        "data_sent": {
            "count": 268706,
            "rate": 3356.182860355769
        },
        "checks": {
            "passes": 5538,
            "fails": 0,
            "value": 1
        },
        "ttfb_ms": {
            "avg": 375.0174045276284,
            "min": 172.423298,
            "med": 390.4137885,
            "max": 794.045555,
            "p(90)": 429.268632,
            "p(95)": 452.08304825
        },
        "iteration_duration": {
            "med": 397.4288685,
            "max": 800.799014,
            "p(90)": 436.1768695,
            "p(95)": 459.30098250000003,
            "avg": 382.30694030498313,
            "min": 179.995262
        },
        "data_received": {
            "count": 38489232,
            "rate": 480736.9420357446
        },
        "total_requests": {
            "count": 1846,
            "rate": 23.056848601135627
        },
        "http_req_duration": {
            "min": 178.045557,
            "med": 396.4955485,
            "max": 799.709231,
            "p(90)": 435.3350025,
            "p(95)": 458.53594075,
            "avg": 380.9868309176596,
            "thresholds": {
                "p(95)<3000": false
            }
        },
        "http_req_failed": {
            "passes": 0,
            "fails": 1846,
            "value": 0
        },
        "http_req_blocked": {
            "med": 0.000501,
            "max": 73.114776,
            "p(90)": 0.000871,
            "p(95)": 0.000987,
            "avg": 0.33081126381365095,
            "min": 0.0001
        },
        "iterations": {
            "rate": 23.056848601135627,
            "count": 1846
        }
    }
}