{
    "metrics": {
        "data_sent": {
            "count": 359018,
            "rate": 4482.663179483358
        },
        "iteration_duration": {
            "p(90)": 2041.2467678,
            "p(95)": 2184.1425792,
            "avg": 1784.5008915924218,
            "min": 185.666961,
            "med": 1956.670214,
            "max": 3286.172717
        },
        "http_req_receiving": {
            "p(90)": 6.823762300000001,
            "p(95)": 7.463643299999999,
            "avg": 6.0682226747474886,
            "min": 0.433507,
            "med": 6.034508,
            "max": 22.057262
        },
        "error_rate": {
            "passes": 0,
            "fails": 1980,
            "thresholds": {
                "rate<0.01": false
            },
            "value": 0
        },
        "http_reqs": {
            "rate": 24.722083838072326,
            "count": 1980
        },
        "checks": {
            "passes": 5940,
            "fails": 0,
            "value": 1
        },
        "http_req_duration": {
            "med": 1955.999119,
            "max": 3285.576523,
            "p(90)": 2040.4371996999998,
            "p(95)": 2183.6406093999994,
            "avg": 1782.286276788381,
            "min": 184.820375,
            "thresholds": {
                "p(95)<3000": false
            }
        },
        "http_req_blocked": {
            "max": 78.976939,
            "p(90)": 0.000691,
            "p(95)": 0.000802,
            "avg": 1.5066955176767676,
            "min": 0.0001,
            "med": 0.00036
        },
        "vus_max": {
            "value": 50,
            "min": 50,
            "max": 50
        },
        "http_req_connecting": {
            "min": 0,
            "med": 0,
            "max": 19.503529,
            "p(90)": 0,
            "p(95)": 0,
            "avg": 0.41024860959595955
        },
        "iterations": {
            "rate": 24.722083838072326,
            "count": 1980
        },
        "http_req_failed": {
            "passes": 0,
            "fails": 1980,
            "value": 0
        },
        "ttfb_ms": {
            "avg": 1776.1810811095954,
            "min": 179.538661,
            "med": 1949.7262665,
            "max": 3281.381437,
            "p(90)": 2034.1298914000001,
            "p(95)": 2177.6699542
        },
        "http_req_tls_handshaking": {
            "p(90)": 0,
            "p(95)": 0,
            "avg": 1.0907173636363636,
            "min": 0,
            "med": 0,
            "max": 61.29269
        },
        "data_received": {
            "rate": 518576.0367569219,
            "count": 41532929
        },
        "http_req_sending": {
            "max": 0.448214,
            "p(90)": 0.05881410000000001,
            "p(95)": 0.0762935,
            "avg": 0.03697300404040403,
            "min": 0.007444,
            "med": 0.031163000000000003
        },
        "vus": {
            "min": 1,
            "max": 50,
            "value": 1
        },
        "total_requests": {
            "count": 1980,
            "rate": 24.722083838072326
        },
        "http_req_duration{expected_response:true}": {
            "avg": 1782.286276788381,
            "min": 184.820375,
            "med": 1955.999119,
            "max": 3285.576523,
            "p(90)": 2040.4371996999998,
            "p(95)": 2183.6406093999994
        },
        "http_req_waiting": {
            "avg": 1776.1810811095954,
            "min": 179.538661,
            "med": 1949.7262665,
            "max": 3281.381437,
            "p(90)": 2034.1298914000001,
            "p(95)": 2177.6699542
        }
    },
    "root_group": {
        "name": "",
        "path": "",
        "id": "d41d8cd98f00b204e9800998ecf8427e",
        "groups": {},
        "checks": {
                "status 200": {
                    "name": "status 200",
                    "path": "::status 200",
                    "id": "fad9fa412b86fcb03bee97c80dcd61f1",
                    "passes": 1980,
                    "fails": 0
                },
                "body not empty": {
                    "name": "body not empty",
                    "path": "::body not empty",
                    "id": "85076432bd9ecbfcd3fc3c4f2d4bdfe0",
                    "passes": 1980,
                    "fails": 0
                },
                "no PHP fatal": {
                    "name": "no PHP fatal",
                    "path": "::no PHP fatal",
                    "id": "2cbe457822e4680cdb27d4f07d8358dc",
                    "passes": 1980,
                    "fails": 0
                }
            }
    }
}