{
    "root_group": {
        "path": "",
        "id": "d41d8cd98f00b204e9800998ecf8427e",
        "groups": {},
        "checks": {
                "status 200": {
                    "name": "status 200",
                    "path": "::status 200",
                    "id": "fad9fa412b86fcb03bee97c80dcd61f1",
                    "passes": 1957,
                    "fails": 0
                },
                "body not empty": {
                    "name": "body not empty",
                    "path": "::body not empty",
                    "id": "85076432bd9ecbfcd3fc3c4f2d4bdfe0",
                    "passes": 1957,
                    "fails": 0
                },
                "no PHP fatal": {
                    "path": "::no PHP fatal",
                    "id": "2cbe457822e4680cdb27d4f07d8358dc",
                    "passes": 1957,
                    "fails": 0,
                    "name": "no PHP fatal"
                }
            },
        "name": ""
    },
    "metrics": {
        "http_req_receiving": {
            "max": 121.114895,
            "p(90)": 6.750001800000001,
            "p(95)": 7.577420999999992,
            "avg": 5.878057741440974,
            "min": 0.478682,
            "med": 5.848111
        },
        "http_req_duration{expected_response:true}": {
            "med": 1965.405447,
            "max": 3199.134368,
            "p(90)": 2141.304897,
            "p(95)": 2266.119931199997,
            "avg": 1802.0476154057242,
            "min": 186.9058
        },
        "data_sent": {
            "rate": 4385.093070024434,
            "count": 351570
        },
        "http_req_blocked": {
            "max": 75.49768,
            "p(90)": 0.000711,
            "p(95)": 0.000821,
            "avg": 1.5194643295860981,
            "min": 0.00011,
            "med": 0.000371
        },
        "http_req_waiting": {
            "min": 180.218506,
            "med": 1959.405491,
            "max": 3195.471224,
            "p(90)": 2133.6781908000003,
            "p(95)": 2261.3886557999977,
            "avg": 1796.1344023837494
        },
        "http_reqs": {
            "count": 1957,
            "rate": 24.4094409023461
        },
        "http_req_tls_handshaking": {
            "p(95)": 0,
            "avg": 1.1044474001021969,
            "min": 0,
            "med": 0,
            "max": 55.621269,
            "p(90)": 0
        },
        "ttfb_ms": {
            "avg": 1796.1344023837494,
            "min": 180.218506,
            "med": 1959.405491,
            "max": 3195.471224,
            "p(90)": 2133.6781908000003,
            "p(95)": 2261.3886557999977
        },
        "error_rate": {
            "passes": 0,
            "fails": 1957,
            "thresholds": {
                "rate<0.01": false
            },
            "value": 0
        },
        "http_req_duration": {
            "min": 186.9058,
            "med": 1965.405447,
            "max": 3199.134368,
            "p(90)": 2141.304897,
            "p(95)": 2266.119931199997,
            "avg": 1802.0476154057242,
            "thresholds": {
                "p(95)<3000": false
            }
        },
        "total_requests": {
            "count": 1957,
            "rate": 24.4094409023461
        },
        "http_req_connecting": {
            "p(95)": 0,
            "avg": 0.40894933622892177,
            "min": 0,
            "med": 0,
            "max": 18.307384,
            "p(90)": 0
        },
        "vus": {
            "value": 2,
            "min": 2,
            "max": 50
        },
        "http_req_failed": {
            "passes": 0,
            "fails": 1957,
            "value": 0
        },
        "data_received": {
            "count": 41035781,
            "rate": 511834.68124737707
        },
        "http_req_sending": {
            "avg": 0.03515528053142571,
            "min": 0.007274,
            "med": 0.030618,
            "max": 0.361692,
            "p(90)": 0.052313,
            "p(95)": 0.07165499999999997
        },
        "checks": {
            "passes": 5871,
            "fails": 0,
            "value": 1
        },
        "iterations": {
            "count": 1957,
            "rate": 24.4094409023461
        },
        "vus_max": {
            "value": 50,
            "min": 50,
            "max": 50
        },
        "iteration_duration": {
            "avg": 1804.300912677058,
            "min": 187.328326,
            "med": 1966.079989,
            "max": 3199.687421,
            "p(90)": 2141.873739,
            "p(95)": 2266.732906199997
        }
    }
}