{
    "root_group": {
        "name": "",
        "path": "",
        "id": "d41d8cd98f00b204e9800998ecf8427e",
        "groups": {},
        "checks": {
                "status 200": {
                    "fails": 0,
                    "name": "status 200",
                    "path": "::status 200",
                    "id": "fad9fa412b86fcb03bee97c80dcd61f1",
                    "passes": 1963
                },
                "body not empty": {
                    "name": "body not empty",
                    "path": "::body not empty",
                    "id": "85076432bd9ecbfcd3fc3c4f2d4bdfe0",
                    "passes": 1963,
                    "fails": 0
                },
                "no PHP fatal": {
                    "path": "::no PHP fatal",
                    "id": "2cbe457822e4680cdb27d4f07d8358dc",
                    "passes": 1963,
                    "fails": 0,
                    "name": "no PHP fatal"
                }
            }
    },
    "metrics": {
        "http_req_blocked": {
            "med": 0.000361,
            "max": 95.787455,
            "p(90)": 0.000672,
            "p(95)": 0.000772,
            "avg": 0.7756570667345978,
            "min": 0.000101
        },
        "http_req_failed": {
            "passes": 0,
            "fails": 1963,
            "value": 0
        },
        "ttfb_ms": {
            "max": 2054.193908,
            "p(90)": 1026.8214356,
            "p(95)": 1080.3194618,
            "avg": 890.1389899195133,
            "min": 177.783496,
            "med": 969.907977
        },
        "iterations": {
            "count": 1963,
            "rate": 24.51751948610989
        },
        "total_requests": {
            "rate": 24.51751948610989,
            "count": 1963
        },
        "checks": {
            "passes": 5889,
            "fails": 0,
            "value": 1
        },
        "data_sent": {
            "count": 311909,
            "rate": 3895.687715432017
        },
        "data_received": {
            "count": 41042852,
            "rate": 512617.89285559056
        },
        "http_req_waiting": {
            "med": 969.907977,
            "max": 2054.193908,
            "p(90)": 1026.8214356,
            "p(95)": 1080.3194618,
            "avg": 890.1389899195133,
            "min": 177.783496
        },
        "http_req_duration": {
            "p(95)": 1086.2502826,
            "avg": 895.9778530417705,
            "min": 182.766399,
            "med": 975.860507,
            "max": 2060.428208,
            "p(90)": 1032.4708924,
            "thresholds": {
                "p(95)<3000": false
            }
        },
        "http_reqs": {
            "count": 1963,
            "rate": 24.51751948610989
        },
        "vus": {
            "value": 1,
            "min": 1,
            "max": 25
        },
        "http_req_receiving": {
            "avg": 5.805565718797757,
            "min": 2.084208,
            "med": 5.75059,
            "max": 21.187765,
            "p(90)": 6.5294068,
            "p(95)": 7.029375699999998
        },
        "http_req_tls_handshaking": {
            "max": 52.139124,
            "p(90)": 0,
            "p(95)": 0,
            "avg": 0.5551782496179317,
            "min": 0,
            "med": 0
        },
        "iteration_duration": {
            "avg": 897.4548450713198,
            "min": 183.303881,
            "med": 976.704328,
            "max": 2062.745896,
            "p(90)": 1033.155791,
            "p(95)": 1086.7309076
        },
        "http_req_sending": {
            "med": 0.029195,
            "max": 0.279848,
            "p(90)": 0.04971199999999999,
            "p(95)": 0.06632589999999994,
            "avg": 0.033297403464085586,
            "min": 0.007484
        },
        "http_req_duration{expected_response:true}": {
            "min": 182.766399,
            "med": 975.860507,
            "max": 2060.428208,
            "p(90)": 1032.4708924,
            "p(95)": 1086.2502826,
            "avg": 895.9778530417705
        },
        "vus_max": {
            "value": 25,
            "min": 25,
            "max": 25
        },
        "http_req_connecting": {
            "avg": 0.20430338359653594,
            "min": 0,
            "med": 0,
            "max": 18.820473,
            "p(90)": 0,
            "p(95)": 0
        },
        "error_rate": {
            "passes": 0,
            "fails": 1963,
            "thresholds": {
                "rate<0.01": false
            },
            "value": 0
        }
    }
}