{
    "root_group": {
        "checks": {
            "status 200": {
                "fails": 0,
                "name": "status 200",
                "path": "::status 200",
                "id": "fad9fa412b86fcb03bee97c80dcd61f1",
                "passes": 1944
            },
            "body not empty": {
                "id": "85076432bd9ecbfcd3fc3c4f2d4bdfe0",
                "passes": 1944,
                "fails": 0,
                "name": "body not empty",
                "path": "::body not empty"
            },
            "no PHP fatal": {
                "name": "no PHP fatal",
                "path": "::no PHP fatal",
                "id": "2cbe457822e4680cdb27d4f07d8358dc",
                "passes": 1944,
                "fails": 0
            }
        },
        "name": "",
        "path": "",
        "id": "d41d8cd98f00b204e9800998ecf8427e",
        "groups": {}
    },
    "metrics": {
        "http_req_sending": {
            "p(95)": 0.12713084999999996,
            "avg": 0.0534631440329217,
            "min": 0.008065,
            "med": 0.04803,
            "max": 1.109282,
            "p(90)": 0.07637300000000001
        },
        "checks": {
            "passes": 5832,
            "fails": 0,
            "value": 1
        },
        "vus_max": {
            "value": 100,
            "min": 100,
            "max": 100
        },
        "http_req_duration{expected_response:true}": {
            "avg": 3670.1155055807562,
            "min": 186.870526,
            "med": 4018.542821,
            "max": 5114.439388,
            "p(90)": 4157.8999836,
            "p(95)": 4338.3899587999995
        },
        "http_req_connecting": {
            "p(90)": 0,
            "p(95)": 15.192815249999997,
            "avg": 2.2725756826131693,
            "min": 0,
            "med": 0,
            "max": 201.066313
        },
        "http_req_tls_handshaking": {
            "max": 218.344252,
            "p(90)": 0,
            "p(95)": 40.56158394999992,
            "avg": 4.649514042181072,
            "min": 0,
            "med": 0
        },
        "http_req_failed": {
            "passes": 0,
            "fails": 1944,
            "value": 0
        },
        "iterations": {
            "count": 1944,
            "rate": 24.251189905328552
        },
        "http_req_blocked": {
            "avg": 6.950721639917748,
            "min": 0.00011,
            "med": 0.000471,
            "max": 395.9263,
            "p(90)": 0.000911,
            "p(95)": 56.512025849999915
        },
        "ttfb_ms": {
            "med": 4012.4133355000004,
            "max": 5107.597142,
            "p(90)": 4152.0635571,
            "p(95)": 4330.14342985,
            "avg": 3663.283907878089,
            "min": 181.003028
        },
        "http_req_receiving": {
            "p(95)": 8.793794699999989,
            "avg": 6.778134558641964,
            "min": 0.592197,
            "med": 6.2077185,
            "max": 279.805628,
            "p(90)": 7.5594730000000006
        },
        "http_reqs": {
            "rate": 24.251189905328552,
            "count": 1944
        },
        "total_requests": {
            "count": 1944,
            "rate": 24.251189905328552
        },
        "data_received": {
            "count": 41004216,
            "rate": 511523.1631353454
        },
        "vus": {
            "max": 100,
            "value": 2,
            "min": 2
        },
        "http_req_waiting": {
            "avg": 3663.283907878089,
            "min": 181.003028,
            "med": 4012.4133355000004,
            "max": 5107.597142,
            "p(90)": 4152.0635571,
            "p(95)": 4330.14342985
        },
        "data_sent": {
            "count": 436276,
            "rate": 5442.495950173415
        },
        "iteration_duration": {
            "p(90)": 4160.779377100001,
            "p(95)": 4339.324513,
            "avg": 3678.079581622422,
            "min": 187.756327,
            "med": 4020.268751,
            "max": 5115.323295
        },
        "error_rate": {
            "passes": 0,
            "fails": 1944,
            "thresholds": {
                "rate<0.01": false
            },
            "value": 0
        },
        "http_req_duration": {
            "max": 5114.439388,
            "p(90)": 4157.8999836,
            "p(95)": 4338.3899587999995,
            "avg": 3670.1155055807562,
            "min": 186.870526,
            "med": 4018.542821,
            "thresholds": {
                "p(95)<3000": true
            }
        }
    }
}