{
    "root_group": {
        "id": "d41d8cd98f00b204e9800998ecf8427e",
        "groups": {},
        "checks": {
                "status 200": {
                    "fails": 0,
                    "name": "status 200",
                    "path": "::status 200",
                    "id": "fad9fa412b86fcb03bee97c80dcd61f1",
                    "passes": 1548
                },
                "body not empty": {
                    "name": "body not empty",
                    "path": "::body not empty",
                    "id": "85076432bd9ecbfcd3fc3c4f2d4bdfe0",
                    "passes": 1548,
                    "fails": 0
                },
                "no PHP fatal": {
                    "path": "::no PHP fatal",
                    "id": "2cbe457822e4680cdb27d4f07d8358dc",
                    "passes": 1548,
                    "fails": 0,
                    "name": "no PHP fatal"
                }
            },
        "name": "",
        "path": ""
    },
    "metrics": {
        "error_rate": {
            "passes": 0,
            "fails": 1548,
            "thresholds": {
                "rate<0.01": false
            },
            "value": 0
        },
        "http_req_duration": {
            "med": 221.3634475,
            "max": 647.297659,
            "p(90)": 260.10585879999985,
            "p(95)": 313.79309179999984,
            "avg": 228.61064498126677,
            "min": 177.595546,
            "thresholds": {
                "p(95)<3000": false
            }
        },
        "http_req_duration{expected_response:true}": {
            "med": 221.3634475,
            "max": 647.297659,
            "p(90)": 260.10585879999985,
            "p(95)": 313.79309179999984,
            "avg": 228.61064498126677,
            "min": 177.595546
        },
        "http_req_waiting": {
            "avg": 222.68817101098182,
            "min": 172.790627,
            "med": 215.7286055,
            "max": 450.751023,
            "p(90)": 253.18309309999998,
            "p(95)": 311.3497860499999
        },
        "data_sent": {
            "rate": 2660.0552525391913,
            "count": 212873
        },
        "http_req_blocked": {
            "avg": 0.21466437080103334,
            "min": 0.00012,
            "med": 0.000351,
            "max": 85.040755,
            "p(90)": 0.000631,
            "p(95)": 0.000691
        },
        "checks": {
            "passes": 4644,
            "fails": 0,
            "value": 1
        },
        "vus": {
            "value": 1,
            "min": 1,
            "max": 5
        },
        "http_reqs": {
            "count": 1548,
            "rate": 19.343766146625775
        },
        "iteration_duration": {
            "avg": 229.555483625969,
            "min": 178.518835,
            "med": 222.2105225,
            "max": 648.231517,
            "p(90)": 266.0955217999999,
            "p(95)": 317.1746431999997
        },
        "http_req_connecting": {
            "p(95)": 0,
            "avg": 0.05242831007751937,
            "min": 0,
            "med": 0,
            "max": 16.963444,
            "p(90)": 0
        },
        "http_req_sending": {
            "avg": 0.03091965180878557,
            "min": 0.007234,
            "med": 0.0283185,
            "max": 0.295797,
            "p(90)": 0.046460299999999996,
            "p(95)": 0.06118214999999993
        },
        "vus_max": {
            "value": 5,
            "min": 5,
            "max": 5
        },
        "http_req_tls_handshaking": {
            "p(95)": 0,
            "avg": 0.15894091666666665,
            "min": 0,
            "med": 0,
            "max": 67.904575,
            "p(90)": 0
        },
        "http_req_failed": {
            "passes": 0,
            "fails": 1548,
            "value": 0
        },
        "ttfb_ms": {
            "avg": 222.68817101098182,
            "min": 172.790627,
            "med": 215.7286055,
            "max": 450.751023,
            "p(90)": 253.18309309999998,
            "p(95)": 311.3497860499999
        },
        "data_received": {
            "count": 32264142,
            "rate": 403171.84610434546
        },
        "total_requests": {
            "count": 1548,
            "rate": 19.343766146625775
        },
        "iterations": {
            "rate": 19.343766146625775,
            "count": 1548
        },
        "http_req_receiving": {
            "avg": 5.89155431847545,
            "min": 0.543293,
            "med": 5.724495,
            "max": 413.662533,
            "p(90)": 6.2921876,
            "p(95)": 6.50123845
        }
    }
}