{
    "metrics": {
        "iterations": {
            "count": 2332,
            "rate": 29.140904411602286
        },
        "http_req_waiting": {
            "med": 1653.081997,
            "max": 2730.549792,
            "p(90)": 1751.325816,
            "p(95)": 1831.1646850999996,
            "avg": 1503.9278966573759,
            "min": 149.601572
        },
        "http_req_duration": {
            "p(90)": 1757.3645697000002,
            "p(95)": 1837.6998935499994,
            "avg": 1510.1918258199007,
            "min": 155.677995,
            "med": 1659.3382634999998,
            "max": 2737.407678,
            "thresholds": {
                "p(95)<3000": false
            }
        },
        "http_req_blocked": {
            "max": 82.518256,
            "p(90)": 0.000671,
            "p(95)": 0.0007314499999999998,
            "avg": 1.2800378319039403,
            "min": 0.00012,
            "med": 0.000351
        },
        "data_sent": {
            "rate": 5084.537991439474,
            "count": 406890
        },
        "error_rate": {
            "passes": 0,
            "fails": 2332,
            "thresholds": {
                "rate<0.01": false
            },
            "value": 0
        },
        "http_reqs": {
            "count": 2332,
            "rate": 29.140904411602286
        },
        "http_req_receiving": {
            "p(90)": 7.109771200000001,
            "p(95)": 7.739221249999998,
            "avg": 6.228710160377352,
            "min": 0.755114,
            "med": 6.1511130000000005,
            "max": 21.923981
        },
        "vus": {
            "value": 1,
            "min": 1,
            "max": 50
        },
        "data_received": {
            "count": 49701330,
            "rate": 621072.7730100777
        },
        "http_req_duration{expected_response:true}": {
            "avg": 1510.1918258199007,
            "min": 155.677995,
            "med": 1659.3382634999998,
            "max": 2737.407678,
            "p(90)": 1757.3645697000002,
            "p(95)": 1837.6998935499994
        },
        "http_req_sending": {
            "med": 0.030007,
            "max": 0.48243,
            "p(90)": 0.05817590000000002,
            "p(95)": 0.07426699999999999,
            "avg": 0.03521900214408234,
            "min": 0.007344
        },
        "vus_max": {
            "max": 50,
            "value": 50,
            "min": 50
        },
        "http_req_failed": {
            "passes": 0,
            "fails": 2332,
            "value": 0
        },
        "http_req_tls_handshaking": {
            "avg": 0.9259126573756431,
            "min": 0,
            "med": 0,
            "max": 51.574245,
            "p(90)": 0,
            "p(95)": 0
        },
        "iteration_duration": {
            "avg": 1512.1614850806184,
            "min": 156.319103,
            "med": 1660.1713435000001,
            "max": 2738.558306,
            "p(90)": 1757.9718529,
            "p(95)": 1838.4367939499994
        },
        "ttfb_ms": {
            "p(95)": 1831.1646850999996,
            "avg": 1503.9278966573759,
            "min": 149.601572,
            "med": 1653.081997,
            "max": 2730.549792,
            "p(90)": 1751.325816
        },
        "total_requests": {
            "count": 2332,
            "rate": 29.140904411602286
        },
        "checks": {
            "passes": 6996,
            "fails": 0,
            "value": 1
        },
        "http_req_connecting": {
            "max": 18.131665,
            "p(90)": 0,
            "p(95)": 0,
            "avg": 0.34319852830188674,
            "min": 0,
            "med": 0
        }
    },
    "root_group": {
        "name": "",
        "path": "",
        "id": "d41d8cd98f00b204e9800998ecf8427e",
        "groups": {},
        "checks": {
                "status 200": {
                    "passes": 2332,
                    "fails": 0,
                    "name": "status 200",
                    "path": "::status 200",
                    "id": "fad9fa412b86fcb03bee97c80dcd61f1"
                },
                "body not empty": {
                    "name": "body not empty",
                    "path": "::body not empty",
                    "id": "85076432bd9ecbfcd3fc3c4f2d4bdfe0",
                    "passes": 2332,
                    "fails": 0
                },
                "no PHP fatal": {
                    "name": "no PHP fatal",
                    "path": "::no PHP fatal",
                    "id": "2cbe457822e4680cdb27d4f07d8358dc",
                    "passes": 2332,
                    "fails": 0
                }
            }
    }
}