{
    "metrics": {
        "http_req_duration{expected_response:true}": {
            "p(95)": 225.32693275,
            "avg": 191.51823096208034,
            "min": 150.472304,
            "med": 187.63754,
            "max": 349.429198,
            "p(90)": 215.40736199999998
        },
        "http_req_receiving": {
            "avg": 6.530495014084501,
            "min": 0.390246,
            "med": 5.860801,
            "max": 157.522722,
            "p(90)": 6.448123,
            "p(95)": 6.90733075
        },
        "http_req_duration": {
            "p(90)": 215.40736199999998,
            "p(95)": 225.32693275,
            "avg": 191.51823096208034,
            "min": 150.472304,
            "med": 187.63754,
            "max": 349.429198,
            "thresholds": {
                "p(95)<3000": false
            }
        },
        "data_sent": {
            "rate": 3232.867996002069,
            "count": 258681
        },
        "iterations": {
            "count": 1846,
            "rate": 23.07040068895597
        },
        "total_requests": {
            "count": 1846,
            "rate": 23.07040068895597
        },
        "data_received": {
            "count": 39139511,
            "rate": 489146.3713650053
        },
        "http_req_connecting": {
            "p(90)": 0,
            "p(95)": 0,
            "avg": 0.0648877383531961,
            "min": 0,
            "med": 0,
            "max": 57.04376
        },
        "iteration_duration": {
            "p(90)": 216.14542799999998,
            "p(95)": 226.4998555,
            "avg": 192.51726463163598,
            "min": 151.526301,
            "med": 188.3313275,
            "max": 536.080698
        },
        "http_req_waiting": {
            "min": 144.619073,
            "med": 181.61272000000002,
            "max": 323.604425,
            "p(90)": 208.87082299999997,
            "p(95)": 218.315053,
            "avg": 184.95520194745396
        },
        "checks": {
            "passes": 5538,
            "fails": 0,
            "value": 1
        },
        "http_req_blocked": {
            "avg": 0.3255498797399803,
            "min": 0.00012,
            "med": 0.000351,
            "max": 208.907456,
            "p(90)": 0.0006215000000000001,
            "p(95)": 0.00068175
        },
        "error_rate": {
            "passes": 0,
            "fails": 1846,
            "thresholds": {
                "rate<0.01": false
            },
            "value": 0
        },
        "http_req_sending": {
            "avg": 0.03253400054171179,
            "min": 0.006051,
            "med": 0.028508,
            "max": 0.417597,
            "p(90)": 0.046823000000000004,
            "p(95)": 0.064522
        },
        "http_req_failed": {
            "passes": 0,
            "fails": 1846,
            "value": 0
        },
        "http_reqs": {
            "count": 1846,
            "rate": 23.07040068895597
        },
        "vus": {
            "value": 1,
            "min": 1,
            "max": 5
        },
        "vus_max": {
            "value": 5,
            "min": 5,
            "max": 5
        },
        "http_req_tls_handshaking": {
            "min": 0,
            "med": 0,
            "max": 148.458068,
            "p(90)": 0,
            "p(95)": 0,
            "avg": 0.23386793607800652
        },
        "ttfb_ms": {
            "med": 181.61272000000002,
            "max": 323.604425,
            "p(90)": 208.87082299999997,
            "p(95)": 218.315053,
            "avg": 184.95520194745396,
            "min": 144.619073
        }
    },
    "root_group": {
        "name": "",
        "path": "",
        "id": "d41d8cd98f00b204e9800998ecf8427e",
        "groups": {},
        "checks": {
                "status 200": {
                    "fails": 0,
                    "name": "status 200",
                    "path": "::status 200",
                    "id": "fad9fa412b86fcb03bee97c80dcd61f1",
                    "passes": 1846
                },
                "body not empty": {
                    "path": "::body not empty",
                    "id": "85076432bd9ecbfcd3fc3c4f2d4bdfe0",
                    "passes": 1846,
                    "fails": 0,
                    "name": "body not empty"
                },
                "no PHP fatal": {
                    "name": "no PHP fatal",
                    "path": "::no PHP fatal",
                    "id": "2cbe457822e4680cdb27d4f07d8358dc",
                    "passes": 1846,
                    "fails": 0
                }
            }
    }
}