{
    "root_group": {
        "checks": {
            "status 200": {
                "passes": 2313,
                "fails": 0,
                "name": "status 200",
                "path": "::status 200",
                "id": "fad9fa412b86fcb03bee97c80dcd61f1"
            },
            "body not empty": {
                "name": "body not empty",
                "path": "::body not empty",
                "id": "85076432bd9ecbfcd3fc3c4f2d4bdfe0",
                "passes": 2313,
                "fails": 0
            },
            "no PHP fatal": {
                "fails": 0,
                "name": "no PHP fatal",
                "path": "::no PHP fatal",
                "id": "2cbe457822e4680cdb27d4f07d8358dc",
                "passes": 2313
            }
        },
        "name": "",
        "path": "",
        "id": "d41d8cd98f00b204e9800998ecf8427e",
        "groups": {}
    },
    "metrics": {
        "iterations": {
            "count": 2313,
            "rate": 28.87013308871423
        },
        "vus_max": {
            "value": 25,
            "min": 25,
            "max": 25
        },
        "http_req_blocked": {
            "p(95)": 0.000712,
            "avg": 0.646373964115875,
            "min": 0.00012,
            "med": 0.000361,
            "max": 72.257634,
            "p(90)": 0.000661
        },
        "total_requests": {
            "count": 2313,
            "rate": 28.87013308871423
        },
        "checks": {
            "passes": 6939,
            "fails": 0,
            "value": 1
        },
        "http_req_sending": {
            "p(95)": 0.0685974,
            "avg": 0.034430063986165146,
            "min": 0.007554,
            "med": 0.028744,
            "max": 0.837849,
            "p(90)": 0.052184
        },
        "http_req_waiting": {
            "med": 818.358965,
            "max": 1664.445329,
            "p(90)": 882.1428762,
            "p(95)": 916.3031502,
            "avg": 753.793798960658,
            "min": 146.510296
        },
        "vus": {
            "value": 1,
            "min": 1,
            "max": 25
        },
        "http_req_connecting": {
            "p(90)": 0,
            "p(95)": 0,
            "avg": 0.1709328573281453,
            "min": 0,
            "med": 0,
            "max": 17.083768
        },
        "ttfb_ms": {
            "med": 818.358965,
            "max": 1664.445329,
            "p(90)": 882.1428762,
            "p(95)": 916.3031502,
            "avg": 753.793798960658,
            "min": 146.510296
        },
        "data_sent": {
            "count": 359557,
            "rate": 4487.876542576231
        },
        "error_rate": {
            "passes": 0,
            "fails": 2313,
            "thresholds": {
                "rate<0.01": false
            },
            "value": 0
        },
        "http_req_duration{expected_response:true}": {
            "p(95)": 922.4646774,
            "avg": 759.792749545612,
            "min": 151.38314,
            "med": 824.466368,
            "max": 1670.80716,
            "p(90)": 887.9816148
        },
        "http_req_failed": {
            "passes": 0,
            "fails": 2313,
            "value": 0
        },
        "http_req_duration": {
            "p(90)": 887.9816148,
            "p(95)": 922.4646774,
            "avg": 759.792749545612,
            "min": 151.38314,
            "med": 824.466368,
            "max": 1670.80716,
            "thresholds": {
                "p(95)<3000": false
            }
        },
        "http_req_receiving": {
            "med": 5.948231,
            "max": 15.618837,
            "p(90)": 6.8031636,
            "p(95)": 7.212231200000001,
            "avg": 5.964520520968432,
            "min": 0.569704
        },
        "iteration_duration": {
            "med": 825.331506,
            "max": 1671.570829,
            "p(90)": 888.6475164000001,
            "p(95)": 923.4715861999999,
            "avg": 761.1201635183753,
            "min": 152.330526
        },
        "http_reqs": {
            "count": 2313,
            "rate": 28.87013308871423
        },
        "http_req_tls_handshaking": {
            "max": 53.256883,
            "p(90)": 0,
            "p(95)": 0,
            "avg": 0.47214306874189355,
            "min": 0,
            "med": 0
        },
        "data_received": {
            "count": 49167364,
            "rate": 613691.457977197
        }
    }
}