{
    "metrics": {
        "iterations": {
            "count": 2227,
            "rate": 27.809625278993014
        },
        "http_req_receiving": {
            "med": 5.85756,
            "max": 22.425615,
            "p(90)": 6.5676658,
            "p(95)": 6.9393004,
            "avg": 5.930174703188146,
            "min": 0.510341
        },
        "data_received": {
            "rate": 589962.1319068583,
            "count": 47244278
        },
        "data_sent": {
            "count": 320666,
            "rate": 4004.3113155426913
        },
        "vus": {
            "value": 1,
            "min": 1,
            "max": 10
        },
        "http_req_failed": {
            "passes": 0,
            "fails": 2227,
            "value": 0
        },
        "iteration_duration": {
            "max": 710.556091,
            "p(90)": 372.8945612,
            "p(95)": 385.02411229999996,
            "avg": 316.9569729232147,
            "min": 152.673203,
            "med": 327.319747
        },
        "http_req_sending": {
            "avg": 0.03196278087112708,
            "min": 0.007514,
            "med": 0.027542,
            "max": 0.415814,
            "p(90)": 0.04767800000000002,
            "p(95)": 0.06627699999999999
        },
        "http_req_connecting": {
            "p(90)": 0,
            "p(95)": 0,
            "avg": 0.07153437584193982,
            "min": 0,
            "med": 0,
            "max": 18.661922
        },
        "checks": {
            "passes": 6681,
            "fails": 0,
            "value": 1
        },
        "http_req_duration": {
            "avg": 316.0453637148635,
            "min": 151.724024,
            "med": 326.502237,
            "max": 709.838018,
            "p(90)": 372.2103126,
            "p(95)": 384.1125998,
            "thresholds": {
                "p(95)<3000": false
            }
        },
        "http_reqs": {
            "count": 2227,
            "rate": 27.809625278993014
        },
        "vus_max": {
            "value": 10,
            "min": 10,
            "max": 10
        },
        "http_req_tls_handshaking": {
            "avg": 0.19413200493938035,
            "min": 0,
            "med": 0,
            "max": 54.054857,
            "p(90)": 0,
            "p(95)": 0
        },
        "http_req_duration{expected_response:true}": {
            "p(90)": 372.2103126,
            "p(95)": 384.1125998,
            "avg": 316.0453637148635,
            "min": 151.724024,
            "med": 326.502237,
            "max": 709.838018
        },
        "ttfb_ms": {
            "p(90)": 366.08918420000003,
            "p(95)": 378.15744309999997,
            "avg": 310.0832262308037,
            "min": 146.454632,
            "med": 320.712836,
            "max": 703.397449
        },
        "http_req_blocked": {
            "p(90)": 0.0005956000000000008,
            "p(95)": 0.000691,
            "avg": 0.26804317557252216,
            "min": 0.00012,
            "med": 0.00035,
            "max": 72.309381
        },
        "total_requests": {
            "count": 2227,
            "rate": 27.809625278993014
        },
        "error_rate": {
            "fails": 2227,
            "passes": 0,
            "thresholds": {
                "rate<0.01": false
            },
            "value": 0
        },
        "http_req_waiting": {
            "min": 146.454632,
            "med": 320.712836,
            "max": 703.397449,
            "p(90)": 366.08918420000003,
            "p(95)": 378.15744309999997,
            "avg": 310.0832262308037
        }
    },
    "root_group": {
        "name": "",
        "path": "",
        "id": "d41d8cd98f00b204e9800998ecf8427e",
        "groups": {},
        "checks": {
                "status 200": {
                    "id": "fad9fa412b86fcb03bee97c80dcd61f1",
                    "passes": 2227,
                    "fails": 0,
                    "name": "status 200",
                    "path": "::status 200"
                },
                "body not empty": {
                    "name": "body not empty",
                    "path": "::body not empty",
                    "id": "85076432bd9ecbfcd3fc3c4f2d4bdfe0",
                    "passes": 2227,
                    "fails": 0
                },
                "no PHP fatal": {
                    "passes": 2227,
                    "fails": 0,
                    "name": "no PHP fatal",
                    "path": "::no PHP fatal",
                    "id": "2cbe457822e4680cdb27d4f07d8358dc"
                }
            }
    }
}