{
    "root_group": {
        "name": "",
        "path": "",
        "id": "d41d8cd98f00b204e9800998ecf8427e",
        "groups": {},
        "checks": {
                "status 200": {
                    "name": "status 200",
                    "path": "::status 200",
                    "id": "fad9fa412b86fcb03bee97c80dcd61f1",
                    "passes": 2339,
                    "fails": 0
                },
                "body not empty": {
                    "path": "::body not empty",
                    "id": "85076432bd9ecbfcd3fc3c4f2d4bdfe0",
                    "passes": 2339,
                    "fails": 0,
                    "name": "body not empty"
                },
                "no PHP fatal": {
                    "passes": 2339,
                    "fails": 0,
                    "name": "no PHP fatal",
                    "path": "::no PHP fatal",
                    "id": "2cbe457822e4680cdb27d4f07d8358dc"
                }
            }
    },
    "metrics": {
        "http_req_duration{expected_response:true}": {
            "avg": 3033.455118540836,
            "min": 158.330113,
            "med": 3338.81915,
            "max": 4442.95489,
            "p(90)": 3477.1255368,
            "p(95)": 3628.918573799999
        },
        "http_req_receiving": {
            "med": 6.129462,
            "max": 150.14725,
            "p(90)": 7.0771426,
            "p(95)": 7.6797391,
            "avg": 6.373508841385194,
            "min": 0.447003
        },
        "http_req_waiting": {
            "avg": 3027.0479402796077,
            "min": 152.88513,
            "med": 3332.199813,
            "max": 4436.358106,
            "p(90)": 3470.7210236,
            "p(95)": 3621.0784283
        },
        "ttfb_ms": {
            "med": 3332.199813,
            "max": 4436.358106,
            "p(90)": 3470.7210236,
            "p(95)": 3621.0784283,
            "avg": 3027.0479402796077,
            "min": 152.88513
        },
        "vus_max": {
            "value": 100,
            "min": 100,
            "max": 100
        },
        "http_reqs": {
            "count": 2339,
            "rate": 29.179603898049916
        },
        "http_req_connecting": {
            "max": 18.513303,
            "p(90)": 0,
            "p(95)": 0,
            "avg": 0.6732030825138947,
            "min": 0,
            "med": 0
        },
        "data_sent": {
            "count": 489756,
            "rate": 6109.827313678211
        },
        "http_req_failed": {
            "passes": 0,
            "fails": 2339,
            "value": 0
        },
        "checks": {
            "passes": 7017,
            "fails": 0,
            "value": 1
        },
        "vus": {
            "value": 1,
            "min": 1,
            "max": 100
        },
        "total_requests": {
            "count": 2339,
            "rate": 29.179603898049916
        },
        "iteration_duration": {
            "p(95)": 3629.5018458999994,
            "avg": 3036.6240141256903,
            "min": 158.988104,
            "med": 3339.581047,
            "max": 4443.438992,
            "p(90)": 3477.9159778
        },
        "iterations": {
            "count": 2339,
            "rate": 29.179603898049916
        },
        "error_rate": {
            "passes": 0,
            "fails": 2339,
            "thresholds": {
                "rate<0.01": false
            },
            "value": 0
        },
        "http_req_duration": {
            "min": 158.330113,
            "med": 3338.81915,
            "max": 4442.95489,
            "p(90)": 3477.1255368,
            "p(95)": 3628.918573799999,
            "avg": 3033.455118540836,
            "thresholds": {
                "p(95)<3000": true
            }
        },
        "http_req_sending": {
            "p(90)": 0.05394600000000005,
            "p(95)": 0.074129,
            "avg": 0.033669419837537407,
            "min": 0.008235,
            "med": 0.028824,
            "max": 0.430121
        },
        "data_received": {
            "count": 50100893,
            "rate": 625021.0400506976
        },
        "http_req_blocked": {
            "max": 70.991561,
            "p(90)": 0.000672,
            "p(95)": 0.0008628999999999992,
            "avg": 2.5154714531851288,
            "min": 0.00011,
            "med": 0.000351
        },
        "http_req_tls_handshaking": {
            "p(95)": 0,
            "avg": 1.8351233129542535,
            "min": 0,
            "med": 0,
            "max": 55.159892,
            "p(90)": 0
        }
    }
}