{
    "root_group": {
        "id": "d41d8cd98f00b204e9800998ecf8427e",
        "groups": {},
        "checks": {
                "status 200": {
                    "fails": 0,
                    "name": "status 200",
                    "path": "::status 200",
                    "id": "fad9fa412b86fcb03bee97c80dcd61f1",
                    "passes": 2225
                },
                "body not empty": {
                    "name": "body not empty",
                    "path": "::body not empty",
                    "id": "85076432bd9ecbfcd3fc3c4f2d4bdfe0",
                    "passes": 2225,
                    "fails": 0
                },
                "no PHP fatal": {
                    "passes": 2225,
                    "fails": 0,
                    "name": "no PHP fatal",
                    "path": "::no PHP fatal",
                    "id": "2cbe457822e4680cdb27d4f07d8358dc"
                }
            },
        "name": "",
        "path": ""
    },
    "metrics": {
        "http_req_duration": {
            "avg": 316.63975289977554,
            "min": 153.081762,
            "med": 328.539146,
            "max": 645.267463,
            "p(90)": 373.0406904,
            "p(95)": 383.5903954,
            "thresholds": {
                "p(95)<3000": false
            }
        },
        "http_req_tls_handshaking": {
            "max": 52.635422,
            "p(90)": 0,
            "p(95)": 0,
            "avg": 0.1904919006741573,
            "min": 0,
            "med": 0
        },
        "iterations": {
            "count": 2225,
            "rate": 27.776670597607108
        },
        "http_req_duration{expected_response:true}": {
            "min": 153.081762,
            "med": 328.539146,
            "max": 645.267463,
            "p(90)": 373.0406904,
            "p(95)": 383.5903954,
            "avg": 316.63975289977554
        },
        "total_requests": {
            "count": 2225,
            "rate": 27.776670597607108
        },
        "checks": {
            "passes": 6675,
            "fails": 0,
            "value": 1
        },
        "data_sent": {
            "count": 320202,
            "rate": 3997.368754469659
        },
        "data_received": {
            "count": 47201910,
            "rate": 589263.7778192795
        },
        "iteration_duration": {
            "max": 645.708705,
            "p(90)": 373.7579278,
            "p(95)": 384.736106,
            "avg": 317.56849654022415,
            "min": 153.748949,
            "med": 329.18831
        },
        "http_req_blocked": {
            "p(95)": 0.000691,
            "avg": 0.26356903235955337,
            "min": 0.00011,
            "med": 0.000351,
            "max": 69.626576,
            "p(90)": 0.000622
        },
        "vus": {
            "value": 1,
            "min": 1,
            "max": 10
        },
        "http_req_sending": {
            "avg": 0.03301477348314607,
            "min": 0.007454,
            "med": 0.028043,
            "max": 0.48297,
            "p(90)": 0.0496156,
            "p(95)": 0.07026679999999988
        },
        "error_rate": {
            "passes": 0,
            "fails": 2225,
            "thresholds": {
                "rate<0.01": false
            },
            "value": 0
        },
        "ttfb_ms": {
            "p(90)": 366.83358660000005,
            "p(95)": 377.46529739999994,
            "avg": 310.6332974534831,
            "min": 146.559199,
            "med": 322.743894,
            "max": 639.224032
        },
        "http_req_connecting": {
            "max": 16.834708,
            "p(90)": 0,
            "p(95)": 0,
            "avg": 0.070955162247191,
            "min": 0,
            "med": 0
        },
        "http_req_receiving": {
            "avg": 5.973440672808978,
            "min": 0.90747,
            "med": 5.879621,
            "max": 19.600331,
            "p(90)": 6.665149400000002,
            "p(95)": 7.308592399999998
        },
        "http_reqs": {
            "count": 2225,
            "rate": 27.776670597607108
        },
        "http_req_failed": {
            "fails": 2225,
            "passes": 0,
            "value": 0
        },
        "http_req_waiting": {
            "max": 639.224032,
            "p(90)": 366.83358660000005,
            "p(95)": 377.46529739999994,
            "avg": 310.6332974534831,
            "min": 146.559199,
            "med": 322.743894
        },
        "vus_max": {
            "value": 10,
            "min": 10,
            "max": 10
        }
    }
}