{
    "root_group": {
        "path": "",
        "id": "d41d8cd98f00b204e9800998ecf8427e",
        "groups": {},
        "checks": {
                "status 200": {
                    "path": "::status 200",
                    "id": "fad9fa412b86fcb03bee97c80dcd61f1",
                    "passes": 2356,
                    "fails": 0,
                    "name": "status 200"
                },
                "body not empty": {
                    "path": "::body not empty",
                    "id": "85076432bd9ecbfcd3fc3c4f2d4bdfe0",
                    "passes": 2356,
                    "fails": 0,
                    "name": "body not empty"
                },
                "no PHP fatal": {
                    "name": "no PHP fatal",
                    "path": "::no PHP fatal",
                    "id": "2cbe457822e4680cdb27d4f07d8358dc",
                    "passes": 2356,
                    "fails": 0
                }
            },
        "name": ""
    },
    "metrics": {
        "total_requests": {
            "count": 2356,
            "rate": 29.422444589364524
        },
        "http_req_duration{expected_response:true}": {
            "avg": 298.48071593039117,
            "min": 147.173307,
            "med": 306.232889,
            "max": 972.684309,
            "p(90)": 348.312673,
            "p(95)": 359.62629375
        },
        "vus_max": {
            "value": 10,
            "min": 10,
            "max": 10
        },
        "iterations": {
            "rate": 29.422444589364524,
            "count": 2356
        },
        "http_req_duration": {
            "med": 306.232889,
            "max": 972.684309,
            "p(90)": 348.312673,
            "p(95)": 359.62629375,
            "avg": 298.48071593039117,
            "min": 147.173307,
            "thresholds": {
                "p(95)<3000": false
            }
        },
        "http_req_tls_handshaking": {
            "max": 52.465071,
            "p(90)": 0,
            "p(95)": 0,
            "avg": 0.1899931489813243,
            "min": 0,
            "med": 0
        },
        "ttfb_ms": {
            "min": 141.473215,
            "med": 300.1352625,
            "max": 971.621619,
            "p(90)": 342.1131715,
            "p(95)": 353.47815625,
            "avg": 292.08030049066326
        },
        "http_req_waiting": {
            "avg": 292.08030049066326,
            "min": 141.473215,
            "med": 300.1352625,
            "max": 971.621619,
            "p(90)": 342.1131715,
            "p(95)": 353.47815625
        },
        "error_rate": {
            "passes": 0,
            "fails": 2356,
            "thresholds": {
                "rate<0.01": false
            },
            "value": 0
        },
        "http_req_connecting": {
            "p(95)": 0,
            "avg": 0.06668292359932088,
            "min": 0,
            "med": 0,
            "max": 16.326095,
            "p(90)": 0
        },
        "http_req_sending": {
            "avg": 0.028331579796264873,
            "min": 0.005871,
            "med": 0.021245,
            "max": 1.260481,
            "p(90)": 0.0453905,
            "p(95)": 0.061550499999999994
        },
        "http_req_blocked": {
            "p(95)": 0.00069425,
            "avg": 0.25876700891341176,
            "min": 0.00008,
            "med": 0.000311,
            "max": 71.131685,
            "p(90)": 0.000611
        },
        "http_reqs": {
            "count": 2356,
            "rate": 29.422444589364524
        },
        "checks": {
            "passes": 7068,
            "fails": 0,
            "value": 1
        },
        "vus": {
            "max": 10,
            "value": 1,
            "min": 1
        },
        "data_sent": {
            "count": 225458,
            "rate": 2815.588078195648
        },
        "data_received": {
            "count": 48309057,
            "rate": 603298.1972610154
        },
        "iteration_duration": {
            "avg": 299.627718101443,
            "min": 147.856833,
            "med": 307.0070415,
            "max": 1033.296421,
            "p(90)": 349.0369685,
            "p(95)": 360.57224725
        },
        "http_req_receiving": {
            "avg": 6.372083859932074,
            "min": 0.912246,
            "med": 5.996246,
            "max": 568.141476,
            "p(90)": 6.776905,
            "p(95)": 7.2135545
        },
        "http_req_failed": {
            "passes": 0,
            "fails": 2356,
            "value": 0
        }
    }
}