{
    "root_group": {
        "path": "",
        "id": "d41d8cd98f00b204e9800998ecf8427e",
        "groups": {},
        "checks": {
                "status 200": {
                    "name": "status 200",
                    "path": "::status 200",
                    "id": "fad9fa412b86fcb03bee97c80dcd61f1",
                    "passes": 2394,
                    "fails": 0
                },
                "body not empty": {
                    "id": "85076432bd9ecbfcd3fc3c4f2d4bdfe0",
                    "passes": 2394,
                    "fails": 0,
                    "name": "body not empty",
                    "path": "::body not empty"
                },
                "no PHP fatal": {
                    "passes": 2394,
                    "fails": 0,
                    "name": "no PHP fatal",
                    "path": "::no PHP fatal",
                    "id": "2cbe457822e4680cdb27d4f07d8358dc"
                }
            },
        "name": ""
    },
    "metrics": {
        "http_req_sending": {
            "avg": 0.0284764619883041,
            "min": 0.006012,
            "med": 0.021540499999999997,
            "max": 1.812455,
            "p(90)": 0.046837000000000045,
            "p(95)": 0.06152099999999999
        },
        "checks": {
            "passes": 7182,
            "fails": 0,
            "value": 1
        },
        "http_req_blocked": {
            "p(90)": 0.0005983000000000025,
            "p(95)": 0.000701,
            "avg": 0.25710638095237887,
            "min": 0.00008,
            "med": 0.000321,
            "max": 70.940045
        },
        "error_rate": {
            "passes": 0,
            "fails": 2394,
            "thresholds": {
                "rate<0.01": false
            },
            "value": 0
        },
        "http_req_connecting": {
            "avg": 0.06581653174603175,
            "min": 0,
            "med": 0,
            "max": 16.358446,
            "p(90)": 0,
            "p(95)": 0
        },
        "iteration_duration": {
            "p(95)": 357.4817744,
            "avg": 294.88263826274095,
            "min": 146.435317,
            "med": 305.823865,
            "max": 557.527048,
            "p(90)": 344.88195750000006
        },
        "iterations": {
            "count": 2394,
            "rate": 29.9063884675448
        },
        "http_req_receiving": {
            "min": 0.345892,
            "med": 5.9622885,
            "max": 121.813787,
            "p(90)": 6.7308617,
            "p(95)": 7.19025775,
            "avg": 6.06921615580618
        },
        "http_req_failed": {
            "passes": 0,
            "fails": 2394,
            "value": 0
        },
        "ttfb_ms": {
            "max": 556.234112,
            "p(90)": 337.84612830000003,
            "p(95)": 350.31517990000003,
            "avg": 287.92204944987503,
            "min": 139.258806,
            "med": 298.9921645
        },
        "http_reqs": {
            "count": 2394,
            "rate": 29.9063884675448
        },
        "data_sent": {
            "count": 228802,
            "rate": 2858.24623815839
        },
        "http_req_duration": {
            "min": 145.058111,
            "med": 305.146351,
            "max": 556.865601,
            "p(90)": 344.058139,
            "p(95)": 356.90334199999995,
            "avg": 294.01974206766874,
            "thresholds": {
                "p(95)<3000": false
            }
        },
        "vus_max": {
            "value": 10,
            "min": 10,
            "max": 10
        },
        "http_req_waiting": {
            "avg": 287.92204944987503,
            "min": 139.258806,
            "med": 298.9921645,
            "max": 556.234112,
            "p(90)": 337.84612830000003,
            "p(95)": 350.31517990000003
        },
        "vus": {
            "value": 1,
            "min": 1,
            "max": 10
        },
        "total_requests": {
            "count": 2394,
            "rate": 29.9063884675448
        },
        "data_received": {
            "count": 49087785,
            "rate": 613215.6922394815
        },
        "http_req_duration{expected_response:true}": {
            "avg": 294.01974206766874,
            "min": 145.058111,
            "med": 305.146351,
            "max": 556.865601,
            "p(90)": 344.058139,
            "p(95)": 356.90334199999995
        },
        "http_req_tls_handshaking": {
            "p(90)": 0,
            "p(95)": 0,
            "avg": 0.1893263625730994,
            "min": 0,
            "med": 0,
            "max": 52.75604
        }
    }
}