{
    "metrics": {
        "data_sent": {
            "count": 228274,
            "rate": 2851.013463419534
        },
        "vus": {
            "value": 1,
            "min": 1,
            "max": 10
        },
        "http_req_blocked": {
            "avg": 0.2552630992462301,
            "min": 0.00008,
            "med": 0.0003,
            "max": 70.843542,
            "p(90)": 0.000561,
            "p(95)": 0.000672
        },
        "http_reqs": {
            "count": 2388,
            "rate": 29.824772644479214
        },
        "http_req_waiting": {
            "max": 679.617333,
            "p(90)": 341.1042979,
            "p(95)": 351.59960585,
            "avg": 288.6750011461477,
            "min": 136.856125,
            "med": 298.8470345
        },
        "vus_max": {
            "value": 10,
            "min": 10,
            "max": 10
        },
        "http_req_failed": {
            "passes": 0,
            "fails": 2388,
            "value": 0
        },
        "data_received": {
            "count": 48964855,
            "rate": 611543.4120372242
        },
        "ttfb_ms": {
            "avg": 288.6750011461477,
            "min": 136.856125,
            "med": 298.8470345,
            "max": 679.617333,
            "p(90)": 341.1042979,
            "p(95)": 351.59960585
        },
        "iteration_duration": {
            "avg": 295.69467402345083,
            "min": 143.174708,
            "med": 305.646308,
            "max": 685.908017,
            "p(90)": 347.918063,
            "p(95)": 358.15716945
        },
        "iterations": {
            "count": 2388,
            "rate": 29.824772644479214
        },
        "http_req_duration": {
            "avg": 294.8358808856781,
            "min": 142.750649,
            "med": 305.03467,
            "max": 685.061561,
            "p(90)": 347.3559656,
            "p(95)": 357.68029455,
            "thresholds": {
                "p(95)<3000": false
            }
        },
        "http_req_sending": {
            "avg": 0.027373013400335013,
            "min": 0.005901,
            "med": 0.020849,
            "max": 1.232975,
            "p(90)": 0.04213730000000001,
            "p(95)": 0.06046715000000003
        },
        "http_req_connecting": {
            "p(90)": 0,
            "p(95)": 0,
            "avg": 0.0661490850083752,
            "min": 0,
            "med": 0,
            "max": 17.968577
        },
        "checks": {
            "passes": 7164,
            "fails": 0,
            "value": 1
        },
        "error_rate": {
            "passes": 0,
            "fails": 2388,
            "thresholds": {
                "rate<0.01": false
            },
            "value": 0
        },
        "http_req_duration{expected_response:true}": {
            "avg": 294.8358808856781,
            "min": 142.750649,
            "med": 305.03467,
            "max": 685.061561,
            "p(90)": 347.3559656,
            "p(95)": 357.68029455
        },
        "http_req_tls_handshaking": {
            "max": 52.26421,
            "p(90)": 0,
            "p(95)": 0,
            "avg": 0.1869215435510888,
            "min": 0,
            "med": 0
        },
        "http_req_receiving": {
            "avg": 6.133506726130647,
            "min": 1.158595,
            "med": 5.9395115,
            "max": 95.091518,
            "p(90)": 6.732991800000001,
            "p(95)": 7.0842464000000005
        },
        "total_requests": {
            "count": 2388,
            "rate": 29.824772644479214
        }
    },
    "root_group": {
        "name": "",
        "path": "",
        "id": "d41d8cd98f00b204e9800998ecf8427e",
        "groups": {},
        "checks": {
                "status 200": {
                    "fails": 0,
                    "name": "status 200",
                    "path": "::status 200",
                    "id": "fad9fa412b86fcb03bee97c80dcd61f1",
                    "passes": 2388
                },
                "body not empty": {
                    "id": "85076432bd9ecbfcd3fc3c4f2d4bdfe0",
                    "passes": 2388,
                    "fails": 0,
                    "name": "body not empty",
                    "path": "::body not empty"
                },
                "no PHP fatal": {
                    "name": "no PHP fatal",
                    "path": "::no PHP fatal",
                    "id": "2cbe457822e4680cdb27d4f07d8358dc",
                    "passes": 2388,
                    "fails": 0
                }
            }
    }
}