{
    "metrics": {
        "iteration_duration": {
            "p(90)": 834.1658037999999,
            "p(95)": 865.2951654,
            "avg": 710.6218215744844,
            "min": 149.278961,
            "med": 773.305886,
            "max": 1693.377656
        },
        "vus": {
            "value": 1,
            "min": 1,
            "max": 25
        },
        "http_req_duration": {
            "avg": 709.1245511857086,
            "min": 148.825975,
            "med": 772.4002,
            "max": 1692.441292,
            "p(90)": 833.3394282,
            "p(95)": 863.7088465999999,
            "thresholds": {
                "p(95)<3000": false
            }
        },
        "vus_max": {
            "value": 25,
            "min": 25,
            "max": 25
        },
        "http_req_tls_handshaking": {
            "avg": 0.6003058784820348,
            "min": 0,
            "med": 0,
            "max": 146.128454,
            "p(90)": 0,
            "p(95)": 0
        },
        "http_req_waiting": {
            "max": 1686.208965,
            "p(90)": 826.2347924,
            "p(95)": 857.5490364,
            "avg": 702.8159323201435,
            "min": 142.555944,
            "med": 766.335327
        },
        "data_received": {
            "count": 50888391,
            "rate": 635350.1438660552
        },
        "http_reqs": {
            "rate": 30.925762741372957,
            "count": 2477
        },
        "http_req_duration{expected_response:true}": {
            "avg": 709.1245511857086,
            "min": 148.825975,
            "med": 772.4002,
            "max": 1692.441292,
            "p(90)": 833.3394282,
            "p(95)": 863.7088465999999
        },
        "http_req_blocked": {
            "avg": 0.8871299664917252,
            "min": 0.00008,
            "med": 0.000331,
            "max": 240.539277,
            "p(90)": 0.000621,
            "p(95)": 0.0007237999999999984
        },
        "http_req_sending": {
            "med": 0.021781,
            "max": 2.605937,
            "p(90)": 0.046834400000000005,
            "p(95)": 0.06383299999999999,
            "avg": 0.029665615260395697,
            "min": 0.006061
        },
        "error_rate": {
            "passes": 0,
            "fails": 2477,
            "thresholds": {
                "rate<0.01": false
            },
            "value": 0
        },
        "ttfb_ms": {
            "med": 766.335327,
            "max": 1686.208965,
            "p(90)": 826.2347924,
            "p(95)": 857.5490364,
            "avg": 702.8159323201435,
            "min": 142.555944
        },
        "http_req_connecting": {
            "med": 0,
            "max": 118.3591,
            "p(90)": 0,
            "p(95)": 0,
            "avg": 0.2839884545821559,
            "min": 0
        },
        "http_req_receiving": {
            "avg": 6.278953250302761,
            "min": 0.33992,
            "med": 6.031069,
            "max": 123.722849,
            "p(90)": 6.9102682,
            "p(95)": 7.440981399999997
        },
        "http_req_failed": {
            "passes": 0,
            "fails": 2477,
            "value": 0
        },
        "total_requests": {
            "count": 2477,
            "rate": 30.925762741372957
        },
        "checks": {
            "fails": 0,
            "passes": 7431,
            "value": 1
        },
        "data_sent": {
            "count": 263301,
            "rate": 3287.357390216488
        },
        "iterations": {
            "count": 2477,
            "rate": 30.925762741372957
        }
    },
    "root_group": {
        "id": "d41d8cd98f00b204e9800998ecf8427e",
        "groups": {},
        "checks": {
                "status 200": {
                    "passes": 2477,
                    "fails": 0,
                    "name": "status 200",
                    "path": "::status 200",
                    "id": "fad9fa412b86fcb03bee97c80dcd61f1"
                },
                "body not empty": {
                    "fails": 0,
                    "name": "body not empty",
                    "path": "::body not empty",
                    "id": "85076432bd9ecbfcd3fc3c4f2d4bdfe0",
                    "passes": 2477
                },
                "no PHP fatal": {
                    "fails": 0,
                    "name": "no PHP fatal",
                    "path": "::no PHP fatal",
                    "id": "2cbe457822e4680cdb27d4f07d8358dc",
                    "passes": 2477
                }
            },
        "name": "",
        "path": ""
    }
}