{
    "metrics": {
        "iteration_duration": {
            "p(90)": 205.308649,
            "p(95)": 210.98565825,
            "avg": 183.53059261725193,
            "min": 147.133859,
            "med": 180.855673,
            "max": 341.676208
        },
        "http_reqs": {
            "count": 1936,
            "rate": 24.186622157674663
        },
        "checks": {
            "passes": 5808,
            "fails": 0,
            "value": 1
        },
        "http_req_duration{expected_response:true}": {
            "avg": 182.79080313171497,
            "min": 146.378896,
            "med": 180.2427225,
            "max": 340.926955,
            "p(90)": 204.5255675,
            "p(95)": 209.99303700000002
        },
        "http_req_tls_handshaking": {
            "avg": 0.1168713651859504,
            "min": 0,
            "med": 0,
            "max": 53.19713,
            "p(90)": 0,
            "p(95)": 0
        },
        "http_req_failed": {
            "passes": 0,
            "fails": 1936,
            "value": 0
        },
        "vus": {
            "value": 1,
            "min": 1,
            "max": 5
        },
        "http_req_sending": {
            "max": 0.432685,
            "p(90)": 0.054863,
            "p(95)": 0.087755,
            "avg": 0.034458368285124,
            "min": 0.006062,
            "med": 0.026584999999999998
        },
        "http_req_waiting": {
            "avg": 176.75828910537174,
            "min": 140.255763,
            "med": 174.2376375,
            "max": 334.91895,
            "p(90)": 198.60099400000001,
            "p(95)": 203.97770500000001
        },
        "data_sent": {
            "count": 272217,
            "rate": 3400.8314689544027
        },
        "data_received": {
            "count": 40362228,
            "rate": 504248.94528818014
        },
        "error_rate": {
            "fails": 1936,
            "passes": 0,
            "thresholds": {
                "rate<0.01": false
            },
            "value": 0
        },
        "total_requests": {
            "count": 1936,
            "rate": 24.186622157674663
        },
        "iterations": {
            "count": 1936,
            "rate": 24.186622157674663
        },
        "http_req_blocked": {
            "min": 0.0001,
            "med": 0.000341,
            "max": 72.32058,
            "p(90)": 0.000581,
            "p(95)": 0.000661,
            "avg": 0.1604320061983483
        },
        "vus_max": {
            "value": 5,
            "min": 5,
            "max": 5
        },
        "http_req_connecting": {
            "avg": 0.04138339824380165,
            "min": 0,
            "med": 0,
            "max": 16.237208,
            "p(90)": 0,
            "p(95)": 0
        },
        "http_req_receiving": {
            "med": 5.9518145,
            "max": 21.105466,
            "p(90)": 6.3240015,
            "p(95)": 6.532043,
            "avg": 5.998055658057848,
            "min": 0.968395
        },
        "http_req_duration": {
            "p(90)": 204.5255675,
            "p(95)": 209.99303700000002,
            "avg": 182.79080313171497,
            "min": 146.378896,
            "med": 180.2427225,
            "max": 340.926955,
            "thresholds": {
                "p(95)<3000": false
            }
        },
        "ttfb_ms": {
            "p(90)": 198.60099400000001,
            "p(95)": 203.97770500000001,
            "avg": 176.75828910537174,
            "min": 140.255763,
            "med": 174.2376375,
            "max": 334.91895
        }
    },
    "root_group": {
        "id": "d41d8cd98f00b204e9800998ecf8427e",
        "groups": {},
        "checks": {
                "status 200": {
                    "id": "fad9fa412b86fcb03bee97c80dcd61f1",
                    "passes": 1936,
                    "fails": 0,
                    "name": "status 200",
                    "path": "::status 200"
                },
                "body not empty": {
                    "passes": 1936,
                    "fails": 0,
                    "name": "body not empty",
                    "path": "::body not empty",
                    "id": "85076432bd9ecbfcd3fc3c4f2d4bdfe0"
                },
                "no PHP fatal": {
                    "id": "2cbe457822e4680cdb27d4f07d8358dc",
                    "passes": 1936,
                    "fails": 0,
                    "name": "no PHP fatal",
                    "path": "::no PHP fatal"
                }
            },
        "name": "",
        "path": ""
    }
}