{
    "metrics": {
        "http_req_receiving": {
            "avg": 8.284516160714286,
            "min": 0.363861,
            "med": 6.043475000000001,
            "max": 161.080228,
            "p(90)": 6.6307777,
            "p(95)": 11.717816949999925
        },
        "data_received": {
            "count": 39020458,
            "rate": 487038.4811691589
        },
        "error_rate": {
            "passes": 0,
            "fails": 1904,
            "thresholds": {
                "rate<0.01": false
            },
            "value": 0
        },
        "http_req_duration{expected_response:true}": {
            "avg": 185.909642643382,
            "min": 144.620955,
            "med": 178.318665,
            "max": 444.758062,
            "p(90)": 206.3852652,
            "p(95)": 246.67193529999977
        },
        "http_req_blocked": {
            "avg": 0.1652205488445374,
            "min": 0.00008,
            "med": 0.00032,
            "max": 72.564928,
            "p(90)": 0.000621,
            "p(95)": 0.000712
        },
        "iterations": {
            "count": 1904,
            "rate": 23.76500214697835
        },
        "checks": {
            "passes": 5712,
            "fails": 0,
            "value": 1
        },
        "http_reqs": {
            "count": 1904,
            "rate": 23.76500214697835
        },
        "http_req_waiting": {
            "avg": 177.59570674894962,
            "min": 138.804877,
            "med": 171.58910150000003,
            "max": 442.896035,
            "p(90)": 196.57855640000002,
            "p(95)": 206.63963799999996
        },
        "total_requests": {
            "count": 1904,
            "rate": 23.76500214697835
        },
        "iteration_duration": {
            "max": 445.197805,
            "p(90)": 207.32050900000002,
            "p(95)": 248.19765729999997,
            "avg": 186.6964830057777,
            "min": 145.319122,
            "med": 178.986338
        },
        "data_sent": {
            "count": 176617,
            "rate": 2204.46606312651
        },
        "vus_max": {
            "value": 5,
            "min": 5,
            "max": 5
        },
        "http_req_duration": {
            "max": 444.758062,
            "p(90)": 206.3852652,
            "p(95)": 246.67193529999977,
            "avg": 185.909642643382,
            "min": 144.620955,
            "med": 178.318665,
            "thresholds": {
                "p(95)<3000": false
            }
        },
        "vus": {
            "value": 1,
            "min": 1,
            "max": 5
        },
        "http_req_failed": {
            "passes": 0,
            "fails": 1904,
            "value": 0
        },
        "http_req_tls_handshaking": {
            "med": 0,
            "max": 54.254754,
            "p(90)": 0,
            "p(95)": 0,
            "avg": 0.12216435346638656,
            "min": 0
        },
        "http_req_sending": {
            "p(90)": 0.048956000000000006,
            "p(95)": 0.06788084999999994,
            "avg": 0.02941973371848741,
            "min": 0.005591,
            "med": 0.022522,
            "max": 0.550811
        },
        "http_req_connecting": {
            "avg": 0.040999863445378155,
            "min": 0,
            "med": 0,
            "max": 16.2235,
            "p(90)": 0,
            "p(95)": 0
        },
        "ttfb_ms": {
            "p(90)": 196.57855640000002,
            "p(95)": 206.63963799999996,
            "avg": 177.59570674894962,
            "min": 138.804877,
            "med": 171.58910150000003,
            "max": 442.896035
        }
    },
    "root_group": {
        "name": "",
        "path": "",
        "id": "d41d8cd98f00b204e9800998ecf8427e",
        "groups": {},
        "checks": {
                "status 200": {
                    "name": "status 200",
                    "path": "::status 200",
                    "id": "fad9fa412b86fcb03bee97c80dcd61f1",
                    "passes": 1904,
                    "fails": 0
                },
                "body not empty": {
                    "passes": 1904,
                    "fails": 0,
                    "name": "body not empty",
                    "path": "::body not empty",
                    "id": "85076432bd9ecbfcd3fc3c4f2d4bdfe0"
                },
                "no PHP fatal": {
                    "fails": 0,
                    "name": "no PHP fatal",
                    "path": "::no PHP fatal",
                    "id": "2cbe457822e4680cdb27d4f07d8358dc",
                    "passes": 1904
                }
            }
    }
}