{
    "metrics": {
        "http_req_connecting": {
            "avg": 0.3138024635603346,
            "min": 0,
            "med": 0,
            "max": 18.145598,
            "p(90)": 0,
            "p(95)": 0
        },
        "http_req_receiving": {
            "max": 20.819824,
            "p(90)": 7.030746,
            "p(95)": 7.5667480000000005,
            "avg": 6.27565607327758,
            "min": 0.986671,
            "med": 6.162471
        },
        "http_req_waiting": {
            "p(95)": 1695.616683,
            "avg": 1398.5316286555153,
            "min": 147.805339,
            "med": 1538.916512,
            "max": 2649.871192,
            "p(90)": 1629.469563
        },
        "checks": {
            "passes": 7533,
            "fails": 0,
            "value": 1
        },
        "iteration_duration": {
            "avg": 1406.6359762588606,
            "min": 154.583741,
            "med": 1546.126777,
            "max": 2656.291045,
            "p(90)": 1636.569229,
            "p(95)": 1702.7451985
        },
        "http_req_duration": {
            "med": 1545.366793,
            "max": 2655.863279,
            "p(90)": 1635.962674,
            "p(95)": 1702.0798719999998,
            "avg": 1404.838798548388,
            "min": 153.639211,
            "thresholds": {
                "p(95)<3000": false
            }
        },
        "total_requests": {
            "count": 2511,
            "rate": 31.378383467239075
        },
        "http_req_failed": {
            "passes": 0,
            "fails": 2511,
            "value": 0
        },
        "vus_max": {
            "min": 50,
            "max": 50,
            "value": 50
        },
        "http_reqs": {
            "count": 2511,
            "rate": 31.378383467239075
        },
        "http_req_tls_handshaking": {
            "avg": 0.8644690868180006,
            "min": 0,
            "med": 0,
            "max": 54.476699,
            "p(90)": 0,
            "p(95)": 0
        },
        "ttfb_ms": {
            "max": 2649.871192,
            "p(90)": 1629.469563,
            "p(95)": 1695.616683,
            "avg": 1398.5316286555153,
            "min": 147.805339,
            "med": 1538.916512
        },
        "data_received": {
            "count": 51719286,
            "rate": 646303.3009796134
        },
        "http_req_sending": {
            "med": 0.023134,
            "max": 3.075864,
            "p(90)": 0.049834,
            "p(95)": 0.06615,
            "avg": 0.031513819593787316,
            "min": 0.005701
        },
        "vus": {
            "value": 1,
            "min": 1,
            "max": 50
        },
        "iterations": {
            "count": 2511,
            "rate": 31.378383467239075
        },
        "data_sent": {
            "count": 311618,
            "rate": 3894.0936277555184
        },
        "http_req_blocked": {
            "p(95)": 0.0007865000000000001,
            "avg": 1.1823549111907554,
            "min": 0.00008,
            "med": 0.00034,
            "max": 73.18571,
            "p(90)": 0.000651
        },
        "http_req_duration{expected_response:true}": {
            "med": 1545.366793,
            "max": 2655.863279,
            "p(90)": 1635.962674,
            "p(95)": 1702.0798719999998,
            "avg": 1404.838798548388,
            "min": 153.639211
        },
        "error_rate": {
            "passes": 0,
            "fails": 2511,
            "thresholds": {
                "rate<0.01": false
            },
            "value": 0
        }
    },
    "root_group": {
        "name": "",
        "path": "",
        "id": "d41d8cd98f00b204e9800998ecf8427e",
        "groups": {},
        "checks": {
                "status 200": {
                    "name": "status 200",
                    "path": "::status 200",
                    "id": "fad9fa412b86fcb03bee97c80dcd61f1",
                    "passes": 2511,
                    "fails": 0
                },
                "body not empty": {
                    "name": "body not empty",
                    "path": "::body not empty",
                    "id": "85076432bd9ecbfcd3fc3c4f2d4bdfe0",
                    "passes": 2511,
                    "fails": 0
                },
                "no PHP fatal": {
                    "name": "no PHP fatal",
                    "path": "::no PHP fatal",
                    "id": "2cbe457822e4680cdb27d4f07d8358dc",
                    "passes": 2511,
                    "fails": 0
                }
            }
    }
}