{
    "root_group": {
        "name": "",
        "path": "",
        "id": "d41d8cd98f00b204e9800998ecf8427e",
        "groups": {},
        "checks": {
                "status 200": {
                    "name": "status 200",
                    "path": "::status 200",
                    "id": "fad9fa412b86fcb03bee97c80dcd61f1",
                    "passes": 2517,
                    "fails": 0
                },
                "body not empty": {
                    "fails": 0,
                    "name": "body not empty",
                    "path": "::body not empty",
                    "id": "85076432bd9ecbfcd3fc3c4f2d4bdfe0",
                    "passes": 2517
                },
                "no PHP fatal": {
                    "passes": 2517,
                    "fails": 0,
                    "name": "no PHP fatal",
                    "path": "::no PHP fatal",
                    "id": "2cbe457822e4680cdb27d4f07d8358dc"
                }
            }
    },
    "metrics": {
        "ttfb_ms": {
            "max": 4208.692998,
            "p(90)": 3226.5630082,
            "p(95)": 3367.7042364,
            "avg": 2814.9167056356832,
            "min": 154.766252,
            "med": 3095.169342
        },
        "http_req_duration{expected_response:true}": {
            "p(95)": 3374.3829315999997,
            "avg": 2821.2766411458138,
            "min": 160.180439,
            "med": 3101.54873,
            "max": 4215.538056,
            "p(90)": 3232.9149898
        },
        "data_sent": {
            "count": 402796,
            "rate": 5020.57040807222
        },
        "iterations": {
            "count": 2517,
            "rate": 31.372644507685717
        },
        "http_req_waiting": {
            "avg": 2814.9167056356832,
            "min": 154.766252,
            "med": 3095.169342,
            "max": 4208.692998,
            "p(90)": 3226.5630082,
            "p(95)": 3367.7042364
        },
        "http_reqs": {
            "count": 2517,
            "rate": 31.372644507685717
        },
        "http_req_blocked": {
            "med": 0.000341,
            "max": 100.511389,
            "p(90)": 0.000702,
            "p(95)": 0.0008757999999999966,
            "avg": 2.361591557409612,
            "min": 0.000081
        },
        "http_req_connecting": {
            "p(95)": 0,
            "avg": 0.6243648283671035,
            "min": 0,
            "med": 0,
            "max": 18.370016,
            "p(90)": 0
        },
        "http_req_failed": {
            "passes": 0,
            "fails": 2517,
            "value": 0
        },
        "total_requests": {
            "count": 2517,
            "rate": 31.372644507685717
        },
        "vus": {
            "value": 2,
            "min": 2,
            "max": 100
        },
        "vus_max": {
            "min": 100,
            "max": 100,
            "value": 100
        },
        "http_req_receiving": {
            "min": 0.387531,
            "med": 6.218965,
            "max": 122.769178,
            "p(90)": 7.191702,
            "p(95)": 7.833954199999999,
            "avg": 6.328826294000807
        },
        "data_received": {
            "count": 52094405,
            "rate": 649320.3213764026
        },
        "iteration_duration": {
            "avg": 2824.2912748792187,
            "min": 160.592056,
            "med": 3102.116377,
            "max": 4216.257565,
            "p(90)": 3234.8217952,
            "p(95)": 3374.8087115999997
        },
        "error_rate": {
            "passes": 0,
            "fails": 2517,
            "thresholds": {
                "rate<0.01": false
            },
            "value": 0
        },
        "http_req_duration": {
            "avg": 2821.2766411458138,
            "min": 160.180439,
            "med": 3101.54873,
            "max": 4215.538056,
            "p(90)": 3232.9149898,
            "p(95)": 3374.3829315999997,
            "thresholds": {
                "p(95)<3000": true
            }
        },
        "http_req_tls_handshaking": {
            "avg": 1.7199355943583634,
            "min": 0,
            "med": 0,
            "max": 53.594716,
            "p(90)": 0,
            "p(95)": 0
        },
        "checks": {
            "passes": 7551,
            "fails": 0,
            "value": 1
        },
        "http_req_sending": {
            "min": 0.006873,
            "med": 0.023886,
            "max": 0.513841,
            "p(90)": 0.053331,
            "p(95)": 0.07542399999999998,
            "avg": 0.031109216130313835
        }
    }
}