{
    "root_group": {
        "name": "",
        "path": "",
        "id": "d41d8cd98f00b204e9800998ecf8427e",
        "groups": {},
        "checks": {
                "status 200": {
                    "name": "status 200",
                    "path": "::status 200",
                    "id": "fad9fa412b86fcb03bee97c80dcd61f1",
                    "passes": 1952,
                    "fails": 0
                },
                "body not empty": {
                    "name": "body not empty",
                    "path": "::body not empty",
                    "id": "85076432bd9ecbfcd3fc3c4f2d4bdfe0",
                    "passes": 1952,
                    "fails": 0
                },
                "no PHP fatal": {
                    "fails": 0,
                    "name": "no PHP fatal",
                    "path": "::no PHP fatal",
                    "id": "2cbe457822e4680cdb27d4f07d8358dc",
                    "passes": 1952
                }
            }
    },
    "metrics": {
        "total_requests": {
            "count": 1952,
            "rate": 24.334057401567836
        },
        "iterations": {
            "count": 1952,
            "rate": 24.334057401567836
        },
        "http_reqs": {
            "count": 1952,
            "rate": 24.334057401567836
        },
        "http_req_waiting": {
            "min": 179.278834,
            "med": 1970.4571125,
            "max": 3109.108638,
            "p(90)": 2029.9701441,
            "p(95)": 2158.0516283499996,
            "avg": 1797.1575448391416
        },
        "http_req_tls_handshaking": {
            "max": 56.755381,
            "p(90)": 0,
            "p(95)": 0,
            "avg": 1.2056567371926232,
            "min": 0,
            "med": 0
        },
        "ttfb_ms": {
            "max": 3109.108638,
            "p(90)": 2029.9701441,
            "p(95)": 2158.0516283499996,
            "avg": 1797.1575448391416,
            "min": 179.278834,
            "med": 1970.4571125
        },
        "vus_max": {
            "value": 50,
            "min": 50,
            "max": 50
        },
        "error_rate": {
            "passes": 0,
            "fails": 1952,
            "thresholds": {
                "rate<0.01": false
            },
            "value": 0
        },
        "data_received": {
            "count": 40810267,
            "rate": 508749.68224964634
        },
        "http_req_duration": {
            "max": 3115.328835,
            "p(90)": 2037.1323015,
            "p(95)": 2165.2298449,
            "avg": 1804.2649459994907,
            "min": 186.644571,
            "med": 1977.6331455,
            "thresholds": {
                "p(95)<3000": false
            }
        },
        "http_req_connecting": {
            "avg": 0.43325846823770503,
            "min": 0,
            "med": 0,
            "max": 19.98612,
            "p(90)": 0,
            "p(95)": 0
        },
        "http_req_failed": {
            "passes": 0,
            "fails": 1952,
            "value": 0
        },
        "http_req_duration{expected_response:true}": {
            "med": 1977.6331455,
            "max": 3115.328835,
            "p(90)": 2037.1323015,
            "p(95)": 2165.2298449,
            "avg": 1804.2649459994907,
            "min": 186.644571
        },
        "http_req_sending": {
            "avg": 0.1352429718237704,
            "min": 0.037711,
            "med": 0.1150365,
            "max": 1.466355,
            "p(90)": 0.1885271,
            "p(95)": 0.23337239999999973
        },
        "http_req_receiving": {
            "min": 2.563693,
            "med": 6.787602,
            "max": 24.913299,
            "p(90)": 8.1002747,
            "p(95)": 9.061756049999998,
            "avg": 6.972158188524604
        },
        "http_req_blocked": {
            "p(95)": 0.002709499999999998,
            "avg": 1.6558413319672076,
            "min": 0.000671,
            "med": 0.002044,
            "max": 78.057833,
            "p(90)": 0.002455
        },
        "checks": {
            "passes": 5856,
            "fails": 0,
            "value": 1
        },
        "data_sent": {
            "count": 354442,
            "rate": 4418.551215945957
        },
        "iteration_duration": {
            "avg": 1809.070133049695,
            "min": 189.698358,
            "med": 1980.6801945,
            "max": 3118.464927,
            "p(90)": 2040.3586716,
            "p(95)": 2168.4871394999996
        },
        "vus": {
            "value": 2,
            "min": 2,
            "max": 50
        }
    }
}