{
    "root_group": {
        "name": "",
        "path": "",
        "id": "d41d8cd98f00b204e9800998ecf8427e",
        "groups": {},
        "checks": {
                "status 200": {
                    "passes": 1957,
                    "fails": 0,
                    "name": "status 200",
                    "path": "::status 200",
                    "id": "fad9fa412b86fcb03bee97c80dcd61f1"
                },
                "body not empty": {
                    "passes": 1957,
                    "fails": 0,
                    "name": "body not empty",
                    "path": "::body not empty",
                    "id": "85076432bd9ecbfcd3fc3c4f2d4bdfe0"
                },
                "no PHP fatal": {
                    "path": "::no PHP fatal",
                    "id": "2cbe457822e4680cdb27d4f07d8358dc",
                    "passes": 1957,
                    "fails": 0,
                    "name": "no PHP fatal"
                }
            }
    },
    "metrics": {
        "http_req_waiting": {
            "avg": 1793.8275527363305,
            "min": 185.953569,
            "med": 1973.882235,
            "max": 3028.524784,
            "p(90)": 2078.1988226,
            "p(95)": 2158.0639034
        },
        "checks": {
            "fails": 0,
            "passes": 5871,
            "value": 1
        },
        "data_received": {
            "count": 40913848,
            "rate": 510708.35016209615
        },
        "http_reqs": {
            "count": 1957,
            "rate": 24.42831193162819
        },
        "total_requests": {
            "count": 1957,
            "rate": 24.42831193162819
        },
        "http_req_failed": {
            "fails": 1957,
            "passes": 0,
            "value": 0
        },
        "iterations": {
            "count": 1957,
            "rate": 24.42831193162819
        },
        "http_req_receiving": {
            "avg": 7.574893571282576,
            "min": 2.648263,
            "med": 6.776105,
            "max": 401.239208,
            "p(90)": 8.164941800000001,
            "p(95)": 9.11242579999998
        },
        "data_sent": {
            "count": 347250,
            "rate": 4334.558670545676
        },
        "http_req_sending": {
            "p(95)": 0.26722979999999963,
            "avg": 0.13300142156361783,
            "min": 0.04239,
            "med": 0.112603,
            "max": 1.111626,
            "p(90)": 0.1931024000000001
        },
        "vus_max": {
            "value": 50,
            "min": 50,
            "max": 50
        },
        "http_req_duration": {
            "avg": 1801.535447729179,
            "min": 193.294448,
            "med": 1981.512252,
            "max": 3035.106552,
            "p(90)": 2087.1303002000004,
            "p(95)": 2164.9379354,
            "thresholds": {
                "p(95)<3000": false
            }
        },
        "ttfb_ms": {
            "p(90)": 2078.1988226,
            "p(95)": 2158.0639034,
            "avg": 1793.8275527363305,
            "min": 185.953569,
            "med": 1973.882235,
            "max": 3028.524784
        },
        "error_rate": {
            "passes": 0,
            "fails": 1957,
            "thresholds": {
                "rate<0.01": false
            },
            "value": 0
        },
        "http_req_duration{expected_response:true}": {
            "avg": 1801.535447729179,
            "min": 193.294448,
            "med": 1981.512252,
            "max": 3035.106552,
            "p(90)": 2087.1303002000004,
            "p(95)": 2164.9379354
        },
        "http_req_blocked": {
            "med": 0.002014,
            "max": 108.761738,
            "p(90)": 0.002474,
            "p(95)": 0.0026951999999999996,
            "avg": 1.6514999923352043,
            "min": 0.000792
        },
        "http_req_tls_handshaking": {
            "avg": 1.1859679468574351,
            "min": 0,
            "med": 0,
            "max": 57.51352,
            "p(90)": 0,
            "p(95)": 0
        },
        "vus": {
            "value": 1,
            "min": 1,
            "max": 50
        },
        "iteration_duration": {
            "max": 3038.635265,
            "p(90)": 2090.708425,
            "p(95)": 2167.8570409999998,
            "avg": 1806.316440211035,
            "min": 195.901353,
            "med": 1984.600212
        },
        "http_req_connecting": {
            "min": 0,
            "med": 0,
            "max": 18.923996,
            "p(90)": 0,
            "p(95)": 0,
            "avg": 0.4341494670413898
        }
    }
}