{
    "metrics": {
        "http_req_failed": {
            "passes": 0,
            "fails": 1926,
            "value": 0
        },
        "http_reqs": {
            "rate": 24.01290278527888,
            "count": 1926
        },
        "checks": {
            "passes": 5778,
            "fails": 0,
            "value": 1
        },
        "error_rate": {
            "passes": 0,
            "fails": 1926,
            "thresholds": {
                "rate<0.01": false
            },
            "value": 0
        },
        "http_req_waiting": {
            "avg": 904.4585295820357,
            "min": 180.094062,
            "med": 982.521565,
            "max": 2017.343681,
            "p(90)": 1056.6000795,
            "p(95)": 1091.0673915
        },
        "http_req_blocked": {
            "avg": 0.8407879283489054,
            "min": 0.000682,
            "med": 0.002044,
            "max": 79.158027,
            "p(90)": 0.002464,
            "p(95)": 0.0026525
        },
        "total_requests": {
            "count": 1926,
            "rate": 24.01290278527888
        },
        "iterations": {
            "count": 1926,
            "rate": 24.01290278527888
        },
        "http_req_connecting": {
            "p(90)": 0,
            "p(95)": 0,
            "avg": 0.21935964070612662,
            "min": 0,
            "med": 0,
            "max": 17.882304
        },
        "data_sent": {
            "count": 298333,
            "rate": 3719.543783302494
        },
        "http_req_receiving": {
            "avg": 7.302968281412257,
            "min": 2.609088,
            "med": 6.5998225,
            "max": 420.158916,
            "p(90)": 8.064003,
            "p(95)": 9.172846
        },
        "vus_max": {
            "min": 25,
            "max": 25,
            "value": 25
        },
        "http_req_duration{expected_response:true}": {
            "p(90)": 1064.9400185,
            "p(95)": 1099.3722125,
            "avg": 911.8946243940801,
            "min": 186.700307,
            "med": 989.518802,
            "max": 2024.107263
        },
        "http_req_tls_handshaking": {
            "min": 0,
            "med": 0,
            "max": 56.984884,
            "p(90)": 0,
            "p(95)": 0,
            "avg": 0.6106999153686398
        },
        "data_received": {
            "count": 40144726,
            "rate": 500514.74702993635
        },
        "iteration_duration": {
            "p(95)": 1102.5536355,
            "avg": 915.917738420559,
            "min": 189.874431,
            "med": 992.774324,
            "max": 2026.718335,
            "p(90)": 1067.7160265
        },
        "http_req_sending": {
            "max": 1.60166,
            "p(90)": 0.192077,
            "p(95)": 0.24800525,
            "avg": 0.13312653063343735,
            "min": 0.042711,
            "med": 0.114456
        },
        "vus": {
            "value": 1,
            "min": 1,
            "max": 25
        },
        "http_req_duration": {
            "p(90)": 1064.9400185,
            "p(95)": 1099.3722125,
            "avg": 911.8946243940801,
            "min": 186.700307,
            "med": 989.518802,
            "max": 2024.107263,
            "thresholds": {
                "p(95)<3000": false
            }
        },
        "ttfb_ms": {
            "p(95)": 1091.0673915,
            "avg": 904.4585295820356,
            "min": 180.094062,
            "med": 982.521565,
            "max": 2017.343681,
            "p(90)": 1056.6000795
        }
    },
    "root_group": {
        "name": "",
        "path": "",
        "id": "d41d8cd98f00b204e9800998ecf8427e",
        "groups": {},
        "checks": {
                "status 200": {
                    "passes": 1926,
                    "fails": 0,
                    "name": "status 200",
                    "path": "::status 200",
                    "id": "fad9fa412b86fcb03bee97c80dcd61f1"
                },
                "body not empty": {
                    "name": "body not empty",
                    "path": "::body not empty",
                    "id": "85076432bd9ecbfcd3fc3c4f2d4bdfe0",
                    "passes": 1926,
                    "fails": 0
                },
                "no PHP fatal": {
                    "name": "no PHP fatal",
                    "path": "::no PHP fatal",
                    "id": "2cbe457822e4680cdb27d4f07d8358dc",
                    "passes": 1926,
                    "fails": 0
                }
            }
    }
}