{
    "root_group": {
        "checks": {
            "status 200": {
                "name": "status 200",
                "path": "::status 200",
                "id": "fad9fa412b86fcb03bee97c80dcd61f1",
                "passes": 2327,
                "fails": 0
            },
            "body not empty": {
                "name": "body not empty",
                "path": "::body not empty",
                "id": "85076432bd9ecbfcd3fc3c4f2d4bdfe0",
                "passes": 2327,
                "fails": 0
            },
            "no PHP fatal": {
                "path": "::no PHP fatal",
                "id": "2cbe457822e4680cdb27d4f07d8358dc",
                "passes": 2327,
                "fails": 0,
                "name": "no PHP fatal"
            }
        },
        "name": "",
        "path": "",
        "id": "d41d8cd98f00b204e9800998ecf8427e",
        "groups": {}
    },
    "metrics": {
        "http_req_tls_handshaking": {
            "med": 0,
            "max": 54.569735,
            "p(90)": 0,
            "p(95)": 0,
            "avg": 0.9496685603781692,
            "min": 0
        },
        "http_reqs": {
            "rate": 29.081750002556774,
            "count": 2327
        },
        "vus_max": {
            "value": 50,
            "min": 50,
            "max": 50
        },
        "error_rate": {
            "passes": 0,
            "fails": 2327,
            "thresholds": {
                "rate<0.01": false
            },
            "value": 0
        },
        "ttfb_ms": {
            "avg": 1509.0687594899016,
            "min": 142.700441,
            "med": 1658.555049,
            "max": 2949.503305,
            "p(90)": 1766.5700646,
            "p(95)": 1860.1803716
        },
        "total_requests": {
            "count": 2327,
            "rate": 29.081750002556774
        },
        "checks": {
            "passes": 6981,
            "fails": 0,
            "value": 1
        },
        "http_req_sending": {
            "avg": 0.054473402234636856,
            "min": 0.007083,
            "med": 0.048572,
            "max": 2.341043,
            "p(90)": 0.0737994,
            "p(95)": 0.11139899999999993
        },
        "data_received": {
            "count": 48599339,
            "rate": 607371.6489417737
        },
        "http_req_receiving": {
            "max": 26.01309,
            "p(90)": 7.126421000000001,
            "p(95)": 7.953202999999998,
            "avg": 6.092648233347653,
            "min": 0.913703,
            "med": 5.929037
        },
        "iteration_duration": {
            "med": 1665.677908,
            "max": 2956.296351,
            "p(90)": 1773.6785468,
            "p(95)": 1868.061188,
            "avg": 1517.5602517275472,
            "min": 148.833633
        },
        "http_req_connecting": {
            "avg": 0.35519589428448656,
            "min": 0,
            "med": 0,
            "max": 35.119437,
            "p(90)": 0,
            "p(95)": 0
        },
        "http_req_waiting": {
            "avg": 1509.0687594899016,
            "min": 142.700441,
            "med": 1658.555049,
            "max": 2949.503305,
            "p(90)": 1766.5700646,
            "p(95)": 1860.1803716
        },
        "http_req_failed": {
            "passes": 0,
            "fails": 2327,
            "value": 0
        },
        "data_sent": {
            "count": 404770,
            "rate": 5058.624816731803
        },
        "http_req_duration": {
            "p(90)": 1772.6739914,
            "p(95)": 1867.1536178999997,
            "avg": 1515.215881125484,
            "min": 147.602803,
            "med": 1664.601839,
            "max": 2955.333005,
            "thresholds": {
                "p(95)<3000": false
            }
        },
        "iterations": {
            "count": 2327,
            "rate": 29.081750002556774
        },
        "http_req_blocked": {
            "p(95)": 0.001052,
            "avg": 1.3113510567253928,
            "min": 0.0001,
            "med": 0.000491,
            "max": 77.502157,
            "p(90)": 0.000872
        },
        "vus": {
            "max": 50,
            "value": 1,
            "min": 1
        },
        "http_req_duration{expected_response:true}": {
            "med": 1664.601839,
            "max": 2955.333005,
            "p(90)": 1772.6739914,
            "p(95)": 1867.1536178999997,
            "avg": 1515.215881125484,
            "min": 147.602803
        }
    }
}