{
    "metrics": {
        "http_req_tls_handshaking": {
            "p(95)": 0,
            "avg": 0.4905037461005199,
            "min": 0,
            "med": 0,
            "max": 55.028188,
            "p(90)": 0
        },
        "vus_max": {
            "value": 25,
            "min": 25,
            "max": 25
        },
        "http_req_blocked": {
            "p(95)": 0.0010078500000000009,
            "avg": 0.67252820450607,
            "min": 0.00011,
            "med": 0.000501,
            "max": 73.255075,
            "p(90)": 0.000891
        },
        "data_received": {
            "count": 48073576,
            "rate": 600172.3682853492
        },
        "http_req_duration": {
            "avg": 761.0323951499134,
            "min": 148.784579,
            "med": 826.155047,
            "max": 1743.890249,
            "p(90)": 892.6331076000001,
            "p(95)": 922.0271002000001,
            "thresholds": {
                "p(95)<3000": false
            }
        },
        "http_reqs": {
            "count": 2308,
            "rate": 28.81412079689237
        },
        "http_req_duration{expected_response:true}": {
            "avg": 761.0323951499134,
            "min": 148.784579,
            "med": 826.155047,
            "max": 1743.890249,
            "p(90)": 892.6331076000001,
            "p(95)": 922.0271002000001
        },
        "checks": {
            "passes": 6924,
            "fails": 0,
            "value": 1
        },
        "iteration_duration": {
            "p(95)": 923.02837315,
            "avg": 762.7402442499988,
            "min": 149.842183,
            "med": 827.1786875,
            "max": 1744.712119,
            "p(90)": 893.6457306
        },
        "http_req_receiving": {
            "max": 21.006208,
            "p(90)": 6.9254401,
            "p(95)": 7.54591875,
            "avg": 5.960755722270375,
            "min": 1.383168,
            "med": 5.814728499999999
        },
        "data_sent": {
            "count": 358157,
            "rate": 4471.39474101065
        },
        "http_req_sending": {
            "max": 0.706582,
            "p(90)": 0.07688400000000004,
            "p(95)": 0.11420180000000003,
            "avg": 0.05424663344887352,
            "min": 0.007744,
            "med": 0.047805
        },
        "http_req_waiting": {
            "min": 142.987679,
            "med": 820.314339,
            "max": 1737.673287,
            "p(90)": 886.7780405000001,
            "p(95)": 915.8699851,
            "avg": 755.0173927941963
        },
        "vus": {
            "value": 1,
            "min": 1,
            "max": 25
        },
        "http_req_connecting": {
            "avg": 0.17744203119584054,
            "min": 0,
            "med": 0,
            "max": 18.128221,
            "p(90)": 0,
            "p(95)": 0
        },
        "total_requests": {
            "count": 2308,
            "rate": 28.81412079689237
        },
        "error_rate": {
            "passes": 0,
            "fails": 2308,
            "thresholds": {
                "rate<0.01": false
            },
            "value": 0
        },
        "http_req_failed": {
            "passes": 0,
            "fails": 2308,
            "value": 0
        },
        "iterations": {
            "count": 2308,
            "rate": 28.81412079689237
        },
        "ttfb_ms": {
            "min": 142.987679,
            "med": 820.314339,
            "max": 1737.673287,
            "p(90)": 886.7780405000001,
            "p(95)": 915.8699851,
            "avg": 755.0173927941963
        }
    },
    "root_group": {
        "name": "",
        "path": "",
        "id": "d41d8cd98f00b204e9800998ecf8427e",
        "groups": {},
        "checks": {
                "status 200": {
                    "name": "status 200",
                    "path": "::status 200",
                    "id": "fad9fa412b86fcb03bee97c80dcd61f1",
                    "passes": 2308,
                    "fails": 0
                },
                "body not empty": {
                    "passes": 2308,
                    "fails": 0,
                    "name": "body not empty",
                    "path": "::body not empty",
                    "id": "85076432bd9ecbfcd3fc3c4f2d4bdfe0"
                },
                "no PHP fatal": {
                    "name": "no PHP fatal",
                    "path": "::no PHP fatal",
                    "id": "2cbe457822e4680cdb27d4f07d8358dc",
                    "passes": 2308,
                    "fails": 0
                }
            }
    }
}