{
    "metrics": {
        "data_received": {
            "count": 37642837,
            "rate": 470239.55168319534
        },
        "http_reqs": {
            "rate": 22.161054563607642,
            "count": 1774
        },
        "data_sent": {
            "count": 259250,
            "rate": 3238.5870324776106
        },
        "vus_max": {
            "value": 10,
            "min": 10,
            "max": 10
        },
        "http_req_duration": {
            "med": 410.60357,
            "max": 1441.539031,
            "p(90)": 435.9748,
            "p(95)": 463.1836083499998,
            "avg": 397.3864209475762,
            "min": 173.276634,
            "thresholds": {
                "p(95)<3000": false
            }
        },
        "http_req_failed": {
            "passes": 0,
            "fails": 1774,
            "value": 0
        },
        "iterations": {
            "count": 1774,
            "rate": 22.161054563607642
        },
        "http_req_sending": {
            "avg": 0.029015656144306692,
            "min": 0.007524,
            "med": 0.027632,
            "max": 0.383443,
            "p(90)": 0.041861,
            "p(95)": 0.0517425
        },
        "http_req_waiting": {
            "med": 404.7152355,
            "max": 1435.460283,
            "p(90)": 430.4080857,
            "p(95)": 457.2461509499998,
            "avg": 391.51177816516366,
            "min": 168.035504
        },
        "total_requests": {
            "count": 1774,
            "rate": 22.161054563607642
        },
        "iteration_duration": {
            "p(90)": 437.087531,
            "p(95)": 464.58847799999995,
            "avg": 398.4032439289747,
            "min": 174.644913,
            "med": 411.272101,
            "max": 1442.012354
        },
        "http_req_duration{expected_response:true}": {
            "avg": 397.3864209475762,
            "min": 173.276634,
            "med": 410.60357,
            "max": 1441.539031,
            "p(90)": 435.9748,
            "p(95)": 463.1836083499998
        },
        "error_rate": {
            "passes": 0,
            "fails": 1774,
            "thresholds": {
                "rate<0.01": false
            },
            "value": 0
        },
        "http_req_blocked": {
            "p(95)": 0.000682,
            "avg": 0.3508760868094738,
            "min": 0.00011,
            "med": 0.000341,
            "max": 69.804701,
            "p(90)": 0.000551
        },
        "http_req_receiving": {
            "p(90)": 6.4550685,
            "p(95)": 6.9099296,
            "avg": 5.845627126268322,
            "min": 3.836141,
            "med": 5.7408565,
            "max": 19.501099
        },
        "vus": {
            "value": 1,
            "min": 1,
            "max": 10
        },
        "http_req_connecting": {
            "p(95)": 0,
            "avg": 0.08771699605411501,
            "min": 0,
            "med": 0,
            "max": 16.062978,
            "p(90)": 0
        },
        "ttfb_ms": {
            "p(95)": 457.2461509499998,
            "avg": 391.51177816516366,
            "min": 168.035504,
            "med": 404.7152355,
            "max": 1435.460283,
            "p(90)": 430.4080857
        },
        "checks": {
            "passes": 5322,
            "fails": 0,
            "value": 1
        },
        "http_req_tls_handshaking": {
            "avg": 0.2606645405862458,
            "min": 0,
            "med": 0,
            "max": 52.134273,
            "p(90)": 0,
            "p(95)": 0
        }
    },
    "root_group": {
        "name": "",
        "path": "",
        "id": "d41d8cd98f00b204e9800998ecf8427e",
        "groups": {},
        "checks": {
                "status 200": {
                    "id": "fad9fa412b86fcb03bee97c80dcd61f1",
                    "passes": 1774,
                    "fails": 0,
                    "name": "status 200",
                    "path": "::status 200"
                },
                "body not empty": {
                    "passes": 1774,
                    "fails": 0,
                    "name": "body not empty",
                    "path": "::body not empty",
                    "id": "85076432bd9ecbfcd3fc3c4f2d4bdfe0"
                },
                "no PHP fatal": {
                    "passes": 1774,
                    "fails": 0,
                    "name": "no PHP fatal",
                    "path": "::no PHP fatal",
                    "id": "2cbe457822e4680cdb27d4f07d8358dc"
                }
            }
    }
}