{
    "root_group": {
        "groups": {},
        "checks": {
                "status 200": {
                    "name": "status 200",
                    "path": "::status 200",
                    "id": "fad9fa412b86fcb03bee97c80dcd61f1",
                    "passes": 1522,
                    "fails": 0
                },
                "body not empty": {
                    "name": "body not empty",
                    "path": "::body not empty",
                    "id": "85076432bd9ecbfcd3fc3c4f2d4bdfe0",
                    "passes": 1522,
                    "fails": 0
                },
                "no PHP fatal": {
                    "passes": 1522,
                    "fails": 0,
                    "name": "no PHP fatal",
                    "path": "::no PHP fatal",
                    "id": "2cbe457822e4680cdb27d4f07d8358dc"
                }
            },
        "name": "",
        "path": "",
        "id": "d41d8cd98f00b204e9800998ecf8427e"
    },
    "metrics": {
        "http_reqs": {
            "count": 1522,
            "rate": 19.007007193642895
        },
        "vus_max": {
            "value": 5,
            "min": 5,
            "max": 5
        },
        "http_req_failed": {
            "passes": 0,
            "fails": 1522,
            "value": 0
        },
        "http_req_duration": {
            "min": 178.931154,
            "med": 232.1411445,
            "max": 355.541955,
            "p(90)": 247.2581357,
            "p(95)": 256.53562250000004,
            "avg": 232.7538308587384,
            "thresholds": {
                "p(95)<3000": false
            }
        },
        "http_req_blocked": {
            "max": 71.789593,
            "p(90)": 0.000581,
            "p(95)": 0.000691,
            "avg": 0.21179691655716362,
            "min": 0.00012,
            "med": 0.000351
        },
        "http_req_tls_handshaking": {
            "p(95)": 0,
            "avg": 0.15651881537450724,
            "min": 0,
            "med": 0,
            "max": 53.507271,
            "p(90)": 0
        },
        "ttfb_ms": {
            "avg": 226.85379151116987,
            "min": 171.809109,
            "med": 226.2558065,
            "max": 350.265008,
            "p(90)": 241.27952230000002,
            "p(95)": 250.7939173
        },
        "data_received": {
            "count": 32271435,
            "rate": 403011.4304823778
        },
        "http_req_receiving": {
            "avg": 5.870823909986856,
            "min": 1.205823,
            "med": 5.7903400000000005,
            "max": 19.899931,
            "p(90)": 6.2989968,
            "p(95)": 6.5693212
        },
        "iteration_duration": {
            "avg": 233.63694641721335,
            "min": 179.478827,
            "med": 232.822429,
            "max": 356.10176,
            "p(90)": 248.42747509999998,
            "p(95)": 258.76854505000006
        },
        "http_req_connecting": {
            "med": 0,
            "max": 17.439603,
            "p(90)": 0,
            "p(95)": 0,
            "avg": 0.052537705650459926,
            "min": 0
        },
        "error_rate": {
            "fails": 1522,
            "passes": 0,
            "thresholds": {
                "rate<0.01": false
            },
            "value": 0
        },
        "http_req_sending": {
            "max": 0.304925,
            "p(90)": 0.0439519,
            "p(95)": 0.05707850000000001,
            "avg": 0.02921543758212874,
            "min": 0.007484,
            "med": 0.026520000000000002
        },
        "data_sent": {
            "count": 215961,
            "rate": 2696.9594484535564
        },
        "iterations": {
            "count": 1522,
            "rate": 19.007007193642895
        },
        "http_req_duration{expected_response:true}": {
            "avg": 232.7538308587384,
            "min": 178.931154,
            "med": 232.1411445,
            "max": 355.541955,
            "p(90)": 247.2581357,
            "p(95)": 256.53562250000004
        },
        "http_req_waiting": {
            "avg": 226.85379151116987,
            "min": 171.809109,
            "med": 226.2558065,
            "max": 350.265008,
            "p(90)": 241.27952230000002,
            "p(95)": 250.7939173
        },
        "total_requests": {
            "count": 1522,
            "rate": 19.007007193642895
        },
        "vus": {
            "value": 1,
            "min": 1,
            "max": 5
        },
        "checks": {
            "passes": 4566,
            "fails": 0,
            "value": 1
        }
    }
}