{
    "metrics": {
        "http_req_sending": {
            "avg": 0.03472248806366054,
            "min": 0.008395,
            "med": 0.029626,
            "max": 0.345792,
            "p(90)": 0.05658060000000004,
            "p(95)": 0.07446079999999998
        },
        "ttfb_ms": {
            "p(95)": 2228.411959,
            "avg": 1866.3599669204257,
            "min": 178.990833,
            "med": 2059.765952,
            "max": 3120.98455,
            "p(90)": 2144.6860916
        },
        "http_req_waiting": {
            "max": 3120.98455,
            "p(90)": 2144.6860916,
            "p(95)": 2228.411959,
            "avg": 1866.3599669204257,
            "min": 178.990833,
            "med": 2059.765952
        },
        "http_req_receiving": {
            "min": 0.7534,
            "med": 6.046235,
            "max": 19.452836,
            "p(90)": 6.875030400000001,
            "p(95)": 7.4477354,
            "avg": 6.064447485411131
        },
        "iteration_duration": {
            "avg": 1874.7247705129973,
            "min": 184.846891,
            "med": 2066.643258,
            "max": 3127.309782,
            "p(90)": 2151.2176742,
            "p(95)": 2235.5856196
        },
        "total_requests": {
            "count": 1885,
            "rate": 23.55035330916248
        },
        "http_req_connecting": {
            "max": 21.561259,
            "p(90)": 0,
            "p(95)": 0,
            "avg": 0.42506140742705584,
            "min": 0,
            "med": 0
        },
        "http_req_tls_handshaking": {
            "p(90)": 0,
            "p(95)": 0,
            "avg": 1.1211133952254642,
            "min": 0,
            "med": 0,
            "max": 58.453142
        },
        "checks": {
            "passes": 5655,
            "fails": 0,
            "value": 1
        },
        "data_received": {
            "count": 40217865,
            "rate": 502464.1538940053
        },
        "http_req_blocked": {
            "p(95)": 0.0007818,
            "avg": 1.5604400408488002,
            "min": 0.00011,
            "med": 0.000351,
            "max": 97.260356,
            "p(90)": 0.000681
        },
        "http_req_failed": {
            "passes": 0,
            "fails": 1885,
            "value": 0
        },
        "iterations": {
            "count": 1885,
            "rate": 23.55035330916248
        },
        "vus_max": {
            "value": 50,
            "min": 50,
            "max": 50
        },
        "error_rate": {
            "passes": 0,
            "fails": 1885,
            "thresholds": {
                "rate<0.01": false
            },
            "value": 0
        },
        "http_req_duration{expected_response:true}": {
            "avg": 1872.4591368938977,
            "min": 184.268481,
            "med": 2066.055481,
            "max": 3126.820038,
            "p(90)": 2150.6368992000002,
            "p(95)": 2235.07257
        },
        "vus": {
            "value": 1,
            "min": 1,
            "max": 50
        },
        "data_sent": {
            "count": 346530,
            "rate": 4329.392006484921
        },
        "http_reqs": {
            "count": 1885,
            "rate": 23.55035330916248
        },
        "http_req_duration": {
            "p(90)": 2150.6368992000002,
            "p(95)": 2235.07257,
            "avg": 1872.4591368938977,
            "min": 184.268481,
            "med": 2066.055481,
            "max": 3126.820038,
            "thresholds": {
                "p(95)<3000": false
            }
        }
    },
    "root_group": {
        "name": "",
        "path": "",
        "id": "d41d8cd98f00b204e9800998ecf8427e",
        "groups": {},
        "checks": {
                "status 200": {
                    "passes": 1885,
                    "fails": 0,
                    "name": "status 200",
                    "path": "::status 200",
                    "id": "fad9fa412b86fcb03bee97c80dcd61f1"
                },
                "body not empty": {
                    "name": "body not empty",
                    "path": "::body not empty",
                    "id": "85076432bd9ecbfcd3fc3c4f2d4bdfe0",
                    "passes": 1885,
                    "fails": 0
                },
                "no PHP fatal": {
                    "id": "2cbe457822e4680cdb27d4f07d8358dc",
                    "passes": 1885,
                    "fails": 0,
                    "name": "no PHP fatal",
                    "path": "::no PHP fatal"
                }
            }
    }
}