{
    "root_group": {
        "name": "",
        "path": "",
        "id": "d41d8cd98f00b204e9800998ecf8427e",
        "groups": {},
        "checks": {
                "status 200": {
                    "fails": 0,
                    "name": "status 200",
                    "path": "::status 200",
                    "id": "fad9fa412b86fcb03bee97c80dcd61f1",
                    "passes": 1870
                },
                "body not empty": {
                    "id": "85076432bd9ecbfcd3fc3c4f2d4bdfe0",
                    "passes": 1870,
                    "fails": 0,
                    "name": "body not empty",
                    "path": "::body not empty"
                },
                "no PHP fatal": {
                    "name": "no PHP fatal",
                    "path": "::no PHP fatal",
                    "id": "2cbe457822e4680cdb27d4f07d8358dc",
                    "passes": 1870,
                    "fails": 0
                }
            }
    },
    "metrics": {
        "error_rate": {
            "passes": 0,
            "fails": 1870,
            "thresholds": {
                "rate<0.01": false
            },
            "value": 0
        },
        "http_req_connecting": {
            "avg": 0.45550321711229946,
            "min": 0,
            "med": 0,
            "max": 19.732372,
            "p(90)": 0,
            "p(95)": 0
        },
        "checks": {
            "passes": 5610,
            "fails": 0,
            "value": 1
        },
        "iteration_duration": {
            "med": 2087.0034265000004,
            "max": 3073.77798,
            "p(90)": 2154.9176887000003,
            "p(95)": 2272.750737,
            "avg": 1890.6961074999992,
            "min": 207.718993
        },
        "http_req_failed": {
            "passes": 0,
            "fails": 1870,
            "value": 0
        },
        "vus": {
            "value": 1,
            "min": 1,
            "max": 50
        },
        "data_sent": {
            "rate": 4280.369488967865,
            "count": 343434
        },
        "iterations": {
            "count": 1870,
            "rate": 23.306635174065203
        },
        "http_req_tls_handshaking": {
            "avg": 1.2559724967914436,
            "min": 0,
            "med": 0,
            "max": 57.669124,
            "p(90)": 0,
            "p(95)": 0
        },
        "total_requests": {
            "count": 1870,
            "rate": 23.306635174065203
        },
        "http_req_duration{expected_response:true}": {
            "avg": 1885.8587239363646,
            "min": 204.979851,
            "med": 2083.8148825,
            "max": 3070.803905,
            "p(90)": 2151.9450897,
            "p(95)": 2270.01145155
        },
        "vus_max": {
            "value": 50,
            "min": 50,
            "max": 50
        },
        "http_req_duration": {
            "med": 2083.8148825,
            "max": 3070.803905,
            "p(90)": 2151.9450897,
            "p(95)": 2270.01145155,
            "avg": 1885.8587239363646,
            "min": 204.979851,
            "thresholds": {
                "p(95)<3000": false
            }
        },
        "http_req_sending": {
            "p(90)": 0.19445110000000007,
            "p(95)": 0.25270859999999995,
            "avg": 0.13621686096256697,
            "min": 0.041117,
            "med": 0.11852850000000001,
            "max": 1.305019
        },
        "http_reqs": {
            "count": 1870,
            "rate": 23.306635174065203
        },
        "http_req_blocked": {
            "avg": 1.7289803641711141,
            "min": 0.000891,
            "med": 0.002054,
            "max": 78.963278,
            "p(90)": 0.0025241000000000005,
            "p(95)": 0.002886
        },
        "http_req_waiting": {
            "med": 2076.7168229999997,
            "max": 3063.507773,
            "p(90)": 2143.9703858000003,
            "p(95)": 2263.2080358499998,
            "avg": 1878.9125712117625,
            "min": 199.253467
        },
        "data_received": {
            "count": 39104576,
            "rate": 487377.5863467946
        },
        "http_req_receiving": {
            "avg": 6.809935863636346,
            "min": 2.869468,
            "med": 6.6815635,
            "max": 22.18955,
            "p(90)": 7.907953600000001,
            "p(95)": 8.4983457
        },
        "ttfb_ms": {
            "avg": 1878.9125712117625,
            "min": 199.253467,
            "med": 2076.7168229999997,
            "max": 3063.507773,
            "p(90)": 2143.9703858000003,
            "p(95)": 2263.2080358499998
        }
    }
}