{
    "root_group": {
        "checks": {
            "status 200": {
                "name": "status 200",
                "path": "::status 200",
                "id": "fad9fa412b86fcb03bee97c80dcd61f1",
                "passes": 1421,
                "fails": 0
            },
            "body not empty": {
                "id": "85076432bd9ecbfcd3fc3c4f2d4bdfe0",
                "passes": 1421,
                "fails": 0,
                "name": "body not empty",
                "path": "::body not empty"
            },
            "no PHP fatal": {
                "name": "no PHP fatal",
                "path": "::no PHP fatal",
                "id": "2cbe457822e4680cdb27d4f07d8358dc",
                "passes": 1421,
                "fails": 0
            }
        },
        "name": "",
        "path": "",
        "id": "d41d8cd98f00b204e9800998ecf8427e",
        "groups": {}
    },
    "metrics": {
        "http_req_connecting": {
            "avg": 0.06008350809289234,
            "min": 0,
            "med": 0,
            "max": 18.492895,
            "p(90)": 0,
            "p(95)": 0
        },
        "http_req_tls_handshaking": {
            "avg": 0.17559081773399013,
            "min": 0,
            "med": 0,
            "max": 57.425736,
            "p(90)": 0,
            "p(95)": 0
        },
        "iteration_duration": {
            "max": 515.827384,
            "p(90)": 290.25705,
            "p(95)": 322.823665,
            "avg": 250.22931634201285,
            "min": 187.709485,
            "med": 243.370103
        },
        "http_req_duration{expected_response:true}": {
            "med": 239.895696,
            "max": 509.472049,
            "p(90)": 283.976877,
            "p(95)": 317.274528,
            "avg": 246.36547963617167,
            "min": 182.562526
        },
        "checks": {
            "passes": 4263,
            "fails": 0,
            "value": 1
        },
        "http_req_blocked": {
            "max": 78.814767,
            "p(90)": 0.002505,
            "p(95)": 0.002725,
            "avg": 0.24320365446868372,
            "min": 0.000682,
            "med": 0.002064
        },
        "http_req_sending": {
            "max": 1.75649,
            "p(90)": 0.232238,
            "p(95)": 0.296258,
            "avg": 0.16456871147079527,
            "min": 0.038573,
            "med": 0.139623
        },
        "ttfb_ms": {
            "avg": 239.33655872906382,
            "min": 177.051923,
            "med": 232.356791,
            "max": 491.335755,
            "p(90)": 276.57494,
            "p(95)": 314.015488
        },
        "http_req_duration": {
            "avg": 246.36547963617167,
            "min": 182.562526,
            "med": 239.895696,
            "max": 509.472049,
            "p(90)": 283.976877,
            "p(95)": 317.274528,
            "thresholds": {
                "p(95)<3000": false
            }
        },
        "http_req_waiting": {
            "p(90)": 276.57494,
            "p(95)": 314.015488,
            "avg": 239.33655872906382,
            "min": 177.051923,
            "med": 232.356791,
            "max": 491.335755
        },
        "error_rate": {
            "passes": 0,
            "fails": 1421,
            "thresholds": {
                "rate<0.01": false
            },
            "value": 0
        },
        "http_reqs": {
            "count": 1421,
            "rate": 17.719765909256314
        },
        "http_req_failed": {
            "passes": 0,
            "fails": 1421,
            "value": 0
        },
        "data_sent": {
            "count": 195025,
            "rate": 2431.9474640765043
        },
        "data_received": {
            "count": 29528203,
            "rate": 368214.5284173117
        },
        "vus_max": {
            "value": 5,
            "min": 5,
            "max": 5
        },
        "vus": {
            "value": 1,
            "min": 1,
            "max": 5
        },
        "iterations": {
            "count": 1421,
            "rate": 17.719765909256314
        },
        "http_req_receiving": {
            "avg": 6.864352195636881,
            "min": 2.705388,
            "med": 6.779525,
            "max": 17.985089,
            "p(90)": 8.582653,
            "p(95)": 9.480975
        },
        "total_requests": {
            "count": 1421,
            "rate": 17.719765909256314
        }
    }
}