{
    "root_group": {
        "id": "d41d8cd98f00b204e9800998ecf8427e",
        "groups": {},
        "checks": {
                "status 200": {
                    "name": "status 200",
                    "path": "::status 200",
                    "id": "fad9fa412b86fcb03bee97c80dcd61f1",
                    "passes": 1874,
                    "fails": 0
                },
                "body not empty": {
                    "name": "body not empty",
                    "path": "::body not empty",
                    "id": "85076432bd9ecbfcd3fc3c4f2d4bdfe0",
                    "passes": 1874,
                    "fails": 0
                },
                "no PHP fatal": {
                    "path": "::no PHP fatal",
                    "id": "2cbe457822e4680cdb27d4f07d8358dc",
                    "passes": 1874,
                    "fails": 0,
                    "name": "no PHP fatal"
                }
            },
        "name": "",
        "path": ""
    },
    "metrics": {
        "data_sent": {
            "count": 434484,
            "rate": 5425.71209633962
        },
        "vus_max": {
            "value": 100,
            "min": 100,
            "max": 100
        },
        "http_req_duration": {
            "avg": 3806.9756863345797,
            "min": 205.760241,
            "med": 4159.793809,
            "max": 5215.251271,
            "p(90)": 4280.1128964,
            "p(95)": 4415.93349435,
            "thresholds": {
                "p(95)<3000": true
            }
        },
        "http_req_waiting": {
            "max": 5207.471648,
            "p(90)": 4273.3813093,
            "p(95)": 4409.209275249999,
            "avg": 3799.847234685172,
            "min": 197.755694,
            "med": 4152.6586875
        },
        "http_req_connecting": {
            "min": 0,
            "med": 0,
            "max": 20.742516,
            "p(90)": 0,
            "p(95)": 15.59747425,
            "avg": 0.8944346659551761
        },
        "http_req_sending": {
            "avg": 0.13720469530416207,
            "min": 0.040817,
            "med": 0.111785,
            "max": 1.367056,
            "p(90)": 0.2012197,
            "p(95)": 0.3249757499999998
        },
        "vus": {
            "value": 2,
            "min": 2,
            "max": 100
        },
        "http_req_blocked": {
            "avg": 3.437673371398083,
            "min": 0.000681,
            "med": 0.0020334999999999997,
            "max": 96.881725,
            "p(90)": 0.0025720000000000005,
            "p(95)": 59.967184749999994
        },
        "http_req_tls_handshaking": {
            "avg": 2.5059884268943455,
            "min": 0,
            "med": 0,
            "max": 59.177048,
            "p(90)": 0,
            "p(95)": 43.3707759
        },
        "http_req_receiving": {
            "p(90)": 8.0051003,
            "p(95)": 8.807830749999997,
            "avg": 6.991246954108872,
            "min": 2.804106,
            "med": 6.827684,
            "max": 26.199552
        },
        "http_reqs": {
            "count": 1874,
            "rate": 23.401976755278557
        },
        "http_req_failed": {
            "passes": 0,
            "fails": 1874,
            "value": 0
        },
        "ttfb_ms": {
            "p(90)": 4273.3813093,
            "p(95)": 4409.209275249999,
            "avg": 3799.847234685172,
            "min": 197.755694,
            "med": 4152.6586875,
            "max": 5207.471648
        },
        "iteration_duration": {
            "avg": 3813.4880957582627,
            "min": 245.419031,
            "med": 4163.10108,
            "max": 5218.078149,
            "p(90)": 4284.502356200001,
            "p(95)": 4422.0209178
        },
        "error_rate": {
            "passes": 0,
            "fails": 1874,
            "thresholds": {
                "rate<0.01": false
            },
            "value": 0
        },
        "checks": {
            "fails": 0,
            "passes": 5622,
            "value": 1
        },
        "data_received": {
            "count": 39438343,
            "rate": 492494.7631551242
        },
        "iterations": {
            "count": 1874,
            "rate": 23.401976755278557
        },
        "total_requests": {
            "count": 1874,
            "rate": 23.401976755278557
        },
        "http_req_duration{expected_response:true}": {
            "avg": 3806.9756863345797,
            "min": 205.760241,
            "med": 4159.793809,
            "max": 5215.251271,
            "p(90)": 4280.1128964,
            "p(95)": 4415.93349435
        }
    }
}