{
    "root_group": {
        "id": "d41d8cd98f00b204e9800998ecf8427e",
        "groups": {},
        "checks": {
                "status 200": {
                    "id": "fad9fa412b86fcb03bee97c80dcd61f1",
                    "passes": 1822,
                    "fails": 0,
                    "name": "status 200",
                    "path": "::status 200"
                },
                "body not empty": {
                    "name": "body not empty",
                    "path": "::body not empty",
                    "id": "85076432bd9ecbfcd3fc3c4f2d4bdfe0",
                    "passes": 1822,
                    "fails": 0
                },
                "no PHP fatal": {
                    "passes": 1822,
                    "fails": 0,
                    "name": "no PHP fatal",
                    "path": "::no PHP fatal",
                    "id": "2cbe457822e4680cdb27d4f07d8358dc"
                }
            },
        "name": "",
        "path": ""
    },
    "metrics": {
        "http_req_tls_handshaking": {
            "p(90)": 0,
            "p(95)": 0,
            "avg": 1.6127824110867175,
            "min": 0,
            "med": 0,
            "max": 261.070766
        },
        "iterations": {
            "count": 1822,
            "rate": 22.73934261988946
        },
        "ttfb_ms": {
            "avg": 954.8677847650929,
            "min": 191.801304,
            "med": 1027.7900815,
            "max": 2245.259589,
            "p(90)": 1067.9897988,
            "p(95)": 1117.0185016
        },
        "checks": {
            "fails": 0,
            "passes": 5466,
            "value": 1
        },
        "data_sent": {
            "count": 285341,
            "rate": 3561.178245061404
        },
        "vus_max": {
            "min": 25,
            "max": 25,
            "value": 25
        },
        "http_req_blocked": {
            "med": 0.002054,
            "max": 388.323203,
            "p(90)": 0.002525,
            "p(95)": 0.0027859499999999997,
            "avg": 2.328467691547749,
            "min": 0.000812
        },
        "iteration_duration": {
            "p(90)": 1079.7450522000001,
            "p(95)": 1131.312806,
            "avg": 968.2598471020839,
            "min": 201.092742,
            "med": 1038.6687299999999,
            "max": 2254.605379
        },
        "vus": {
            "max": 25,
            "value": 1,
            "min": 1
        },
        "data_received": {
            "count": 37984382,
            "rate": 474061.40312994627
        },
        "error_rate": {
            "fails": 1822,
            "passes": 0,
            "thresholds": {
                "rate<0.01": false
            },
            "value": 0
        },
        "http_req_waiting": {
            "avg": 954.8677847650929,
            "min": 191.801304,
            "med": 1027.7900815,
            "max": 2245.259589,
            "p(90)": 1067.9897988,
            "p(95)": 1117.0185016
        },
        "http_reqs": {
            "count": 1822,
            "rate": 22.73934261988946
        },
        "http_req_receiving": {
            "avg": 7.552318470362231,
            "min": 2.670132,
            "med": 6.9683805,
            "max": 133.911444,
            "p(90)": 8.408201300000002,
            "p(95)": 9.398275299999995
        },
        "http_req_failed": {
            "passes": 0,
            "fails": 1822,
            "value": 0
        },
        "http_req_duration{expected_response:true}": {
            "avg": 962.5666286915466,
            "min": 198.2527,
            "med": 1035.152689,
            "max": 2249.188933,
            "p(90)": 1075.8816158,
            "p(95)": 1123.97918435
        },
        "http_req_sending": {
            "max": 1.854925,
            "p(90)": 0.21635600000000002,
            "p(95)": 0.27837979999999973,
            "avg": 0.14652545609220624,
            "min": 0.039053,
            "med": 0.1238485
        },
        "total_requests": {
            "count": 1822,
            "rate": 22.73934261988946
        },
        "http_req_duration": {
            "min": 198.2527,
            "med": 1035.152689,
            "max": 2249.188933,
            "p(90)": 1075.8816158,
            "p(95)": 1123.97918435,
            "avg": 962.5666286915466,
            "thresholds": {
                "p(95)<3000": false
            }
        },
        "http_req_connecting": {
            "avg": 0.7044209928649836,
            "min": 0,
            "med": 0,
            "max": 189.789704,
            "p(90)": 0,
            "p(95)": 0
        }
    }
}