{
    "root_group": {
        "name": "",
        "path": "",
        "id": "d41d8cd98f00b204e9800998ecf8427e",
        "groups": {},
        "checks": {
                "status 200": {
                    "id": "fad9fa412b86fcb03bee97c80dcd61f1",
                    "passes": 1464,
                    "fails": 0,
                    "name": "status 200",
                    "path": "::status 200"
                },
                "body not empty": {
                    "name": "body not empty",
                    "path": "::body not empty",
                    "id": "85076432bd9ecbfcd3fc3c4f2d4bdfe0",
                    "passes": 1464,
                    "fails": 0
                },
                "no PHP fatal": {
                    "passes": 1464,
                    "fails": 0,
                    "name": "no PHP fatal",
                    "path": "::no PHP fatal",
                    "id": "2cbe457822e4680cdb27d4f07d8358dc"
                }
            }
    },
    "metrics": {
        "http_req_duration{expected_response:true}": {
            "avg": 238.97072525546437,
            "min": 176.858708,
            "med": 237.6220825,
            "max": 436.89238,
            "p(90)": 254.6704588,
            "p(95)": 264.68496745
        },
        "data_sent": {
            "count": 207737,
            "rate": 2593.379938864422
        },
        "data_received": {
            "count": 30420804,
            "rate": 379772.03299232473
        },
        "http_req_tls_handshaking": {
            "med": 0,
            "max": 60.066551,
            "p(90)": 0,
            "p(95)": 0,
            "avg": 0.1788441550546448,
            "min": 0
        },
        "ttfb_ms": {
            "p(90)": 247.5645245,
            "p(95)": 256.68133144999996,
            "avg": 231.6874667868853,
            "min": 169.85451,
            "med": 230.4397645,
            "max": 429.578209
        },
        "http_req_waiting": {
            "avg": 231.6874667868853,
            "min": 169.85451,
            "med": 230.4397645,
            "max": 429.578209,
            "p(90)": 247.5645245,
            "p(95)": 256.68133144999996
        },
        "http_req_failed": {
            "passes": 0,
            "fails": 1464,
            "value": 0
        },
        "total_requests": {
            "count": 1464,
            "rate": 18.276514200635965
        },
        "iteration_duration": {
            "min": 181.102485,
            "med": 241.17359449999998,
            "max": 440.236511,
            "p(90)": 258.8585734,
            "p(95)": 269.01014415,
            "avg": 242.75596285928944
        },
        "vus": {
            "value": 1,
            "min": 1,
            "max": 5
        },
        "checks": {
            "passes": 4392,
            "fails": 0,
            "value": 1
        },
        "http_req_duration": {
            "p(90)": 254.6704588,
            "p(95)": 264.68496745,
            "avg": 238.97072525546437,
            "min": 176.858708,
            "med": 237.6220825,
            "max": 436.89238,
            "thresholds": {
                "p(95)<3000": false
            }
        },
        "iterations": {
            "rate": 18.276514200635965,
            "count": 1464
        },
        "http_req_receiving": {
            "max": 128.536306,
            "p(90)": 8.6007779,
            "p(95)": 9.472760199999998,
            "avg": 7.127830469945362,
            "min": 4.174425,
            "med": 6.7609895
        },
        "http_req_blocked": {
            "med": 0.0020685,
            "max": 82.765883,
            "p(90)": 0.002515,
            "p(95)": 0.00273585,
            "avg": 0.24280033265027248,
            "min": 0.000832
        },
        "error_rate": {
            "passes": 0,
            "fails": 1464,
            "thresholds": {
                "rate<0.01": false
            },
            "value": 0
        },
        "http_reqs": {
            "rate": 18.276514200635965,
            "count": 1464
        },
        "http_req_connecting": {
            "min": 0,
            "med": 0,
            "max": 16.78646,
            "p(90)": 0,
            "p(95)": 0,
            "avg": 0.05651244125683061
        },
        "http_req_sending": {
            "avg": 0.15542799863387993,
            "min": 0.038182,
            "med": 0.13561600000000001,
            "max": 1.328063,
            "p(90)": 0.2246173,
            "p(95)": 0.2746680499999999
        },
        "vus_max": {
            "value": 5,
            "min": 5,
            "max": 5
        }
    }
}