{
    "root_group": {
        "id": "d41d8cd98f00b204e9800998ecf8427e",
        "groups": {},
        "checks": {
                "status 200": {
                    "name": "status 200",
                    "path": "::status 200",
                    "id": "fad9fa412b86fcb03bee97c80dcd61f1",
                    "passes": 1782,
                    "fails": 0
                },
                "body not empty": {
                    "passes": 1782,
                    "fails": 0,
                    "name": "body not empty",
                    "path": "::body not empty",
                    "id": "85076432bd9ecbfcd3fc3c4f2d4bdfe0"
                },
                "no PHP fatal": {
                    "name": "no PHP fatal",
                    "path": "::no PHP fatal",
                    "id": "2cbe457822e4680cdb27d4f07d8358dc",
                    "passes": 1782,
                    "fails": 0
                }
            },
        "name": "",
        "path": ""
    },
    "metrics": {
        "http_req_failed": {
            "passes": 0,
            "fails": 1782,
            "value": 0
        },
        "ttfb_ms": {
            "avg": 192.71293026430962,
            "min": 147.517101,
            "med": 189.4397045,
            "max": 1209.581626,
            "p(90)": 207.78981910000002,
            "p(95)": 214.45817515
        },
        "iteration_duration": {
            "avg": 199.5395320157127,
            "min": 154.767306,
            "med": 195.819455,
            "max": 1215.309573,
            "p(90)": 214.8570843,
            "p(95)": 221.40739499999998
        },
        "http_reqs": {
            "count": 1782,
            "rate": 22.257880022720347
        },
        "http_req_receiving": {
            "avg": 5.882125205387198,
            "min": 0.810999,
            "med": 5.839402,
            "max": 179.093768,
            "p(90)": 6.300389900000001,
            "p(95)": 6.534986799999999
        },
        "data_received": {
            "count": 37021133,
            "rate": 462408.4941746201
        },
        "vus_max": {
            "value": 5,
            "min": 5,
            "max": 5
        },
        "http_req_connecting": {
            "med": 0,
            "max": 15.711765,
            "p(90)": 0,
            "p(95)": 0,
            "avg": 0.04342950168350168,
            "min": 0
        },
        "data_sent": {
            "count": 251081,
            "rate": 3136.1003221013734
        },
        "http_req_waiting": {
            "med": 189.4397045,
            "max": 1209.581626,
            "p(90)": 207.78981910000002,
            "p(95)": 214.45817515,
            "avg": 192.71293026430962,
            "min": 147.517101
        },
        "http_req_blocked": {
            "p(90)": 0.0005601000000000008,
            "p(95)": 0.000671,
            "avg": 0.16415241077441142,
            "min": 0.000111,
            "med": 0.000351,
            "max": 71.795225
        },
        "total_requests": {
            "count": 1782,
            "rate": 22.257880022720347
        },
        "error_rate": {
            "passes": 0,
            "fails": 1782,
            "thresholds": {
                "rate<0.01": false
            },
            "value": 0
        },
        "http_req_tls_handshaking": {
            "max": 53.175539,
            "p(90)": 0,
            "p(95)": 0,
            "avg": 0.11804090965207631,
            "min": 0,
            "med": 0
        },
        "http_req_sending": {
            "max": 0.292791,
            "p(90)": 0.0449221,
            "p(95)": 0.05887249999999997,
            "avg": 0.030801585858585882,
            "min": 0.006893,
            "med": 0.027482
        },
        "http_req_duration": {
            "avg": 198.62585705555486,
            "min": 153.610877,
            "med": 195.21945399999998,
            "max": 1214.800363,
            "p(90)": 213.74000160000003,
            "p(95)": 220.4734589,
            "thresholds": {
                "p(95)<3000": false
            }
        },
        "iterations": {
            "count": 1782,
            "rate": 22.257880022720347
        },
        "http_req_duration{expected_response:true}": {
            "med": 195.21945399999998,
            "max": 1214.800363,
            "p(90)": 213.74000160000003,
            "p(95)": 220.4734589,
            "avg": 198.62585705555486,
            "min": 153.610877
        },
        "vus": {
            "value": 1,
            "min": 1,
            "max": 5
        },
        "checks": {
            "passes": 5346,
            "fails": 0,
            "value": 1
        }
    }
}