{
    "metrics": {
        "iteration_duration": {
            "max": 621.759208,
            "p(90)": 229.45807910000002,
            "p(95)": 236.66137264999998,
            "avg": 204.28484829482719,
            "min": 160.31577,
            "med": 200.608698
        },
        "http_req_connecting": {
            "avg": 0.048171209195402305,
            "min": 0,
            "med": 0,
            "max": 18.190287,
            "p(90)": 0,
            "p(95)": 0
        },
        "http_req_tls_handshaking": {
            "max": 54.122512,
            "p(90)": 0,
            "p(95)": 0,
            "avg": 0.13640333620689654,
            "min": 0,
            "med": 0
        },
        "iterations": {
            "count": 1740,
            "rate": 21.72952412600121
        },
        "http_req_duration{expected_response:true}": {
            "p(95)": 235.30440109999998,
            "avg": 203.00040244540244,
            "min": 159.534217,
            "med": 199.512035,
            "max": 620.3549,
            "p(90)": 227.9978166
        },
        "http_req_duration": {
            "p(95)": 235.30440109999998,
            "avg": 203.00040244540244,
            "min": 159.534217,
            "med": 199.512035,
            "max": 620.3549,
            "p(90)": 227.9978166,
            "thresholds": {
                "p(95)<3000": false
            }
        },
        "data_received": {
            "count": 36149287,
            "rate": 451440.6919564609
        },
        "total_requests": {
            "count": 1740,
            "rate": 21.72952412600121
        },
        "http_reqs": {
            "count": 1740,
            "rate": 21.72952412600121
        },
        "http_req_failed": {
            "passes": 0,
            "fails": 1740,
            "value": 0
        },
        "http_req_receiving": {
            "med": 5.6114999999999995,
            "max": 436.795717,
            "p(90)": 6.3354683000000005,
            "p(95)": 6.7554852,
            "avg": 5.916224840229878,
            "min": 0.985719
        },
        "data_sent": {
            "count": 244697,
            "rate": 3055.8329684253554
        },
        "vus": {
            "max": 5,
            "value": 1,
            "min": 1
        },
        "vus_max": {
            "value": 5,
            "min": 5,
            "max": 5
        },
        "http_req_sending": {
            "p(95)": 0.10966364999999993,
            "avg": 0.05503362241379299,
            "min": 0.007915,
            "med": 0.048607,
            "max": 0.492478,
            "p(90)": 0.07621600000000003
        },
        "ttfb_ms": {
            "avg": 197.02914398275854,
            "min": 154.034597,
            "med": 193.61463750000001,
            "max": 559.491668,
            "p(90)": 222.11230010000003,
            "p(95)": 229.06400205
        },
        "http_req_blocked": {
            "avg": 0.20221221264367906,
            "min": 0.000121,
            "med": 0.000481,
            "max": 98.608567,
            "p(90)": 0.000871,
            "p(95)": 0.0009724999999999995
        },
        "checks": {
            "passes": 5220,
            "fails": 0,
            "value": 1
        },
        "error_rate": {
            "passes": 0,
            "fails": 1740,
            "thresholds": {
                "rate<0.01": false
            },
            "value": 0
        },
        "http_req_waiting": {
            "med": 193.61463750000001,
            "max": 559.491668,
            "p(90)": 222.11230010000003,
            "p(95)": 229.06400205,
            "avg": 197.02914398275854,
            "min": 154.034597
        }
    },
    "root_group": {
        "name": "",
        "path": "",
        "id": "d41d8cd98f00b204e9800998ecf8427e",
        "groups": {},
        "checks": {
                "status 200": {
                    "name": "status 200",
                    "path": "::status 200",
                    "id": "fad9fa412b86fcb03bee97c80dcd61f1",
                    "passes": 1740,
                    "fails": 0
                },
                "body not empty": {
                    "passes": 1740,
                    "fails": 0,
                    "name": "body not empty",
                    "path": "::body not empty",
                    "id": "85076432bd9ecbfcd3fc3c4f2d4bdfe0"
                },
                "no PHP fatal": {
                    "path": "::no PHP fatal",
                    "id": "2cbe457822e4680cdb27d4f07d8358dc",
                    "passes": 1740,
                    "fails": 0,
                    "name": "no PHP fatal"
                }
            }
    }
}