{
    "root_group": {
        "checks": {
            "status 200": {
                "name": "status 200",
                "path": "::status 200",
                "id": "fad9fa412b86fcb03bee97c80dcd61f1",
                "passes": 2176,
                "fails": 0
            },
            "body not empty": {
                "name": "body not empty",
                "path": "::body not empty",
                "id": "85076432bd9ecbfcd3fc3c4f2d4bdfe0",
                "passes": 2176,
                "fails": 0
            },
            "no PHP fatal": {
                "path": "::no PHP fatal",
                "id": "2cbe457822e4680cdb27d4f07d8358dc",
                "passes": 2176,
                "fails": 0,
                "name": "no PHP fatal"
            }
        },
        "name": "",
        "path": "",
        "id": "d41d8cd98f00b204e9800998ecf8427e",
        "groups": {}
    },
    "metrics": {
        "http_req_duration{expected_response:true}": {
            "max": 2916.713521,
            "p(90)": 1876.1285404999999,
            "p(95)": 1964.4654075,
            "avg": 1620.7510417265614,
            "min": 161.962425,
            "med": 1781.719876
        },
        "http_req_sending": {
            "max": 0.93882,
            "p(90)": 0.078954,
            "p(95)": 0.12635375000000001,
            "avg": 0.05576881158088236,
            "min": 0.009498,
            "med": 0.049649
        },
        "http_req_blocked": {
            "avg": 1.4209617035845625,
            "min": 0.00014,
            "med": 0.000521,
            "max": 81.45702,
            "p(90)": 0.000892,
            "p(95)": 0.001052
        },
        "iterations": {
            "count": 2176,
            "rate": 27.18108927799246
        },
        "http_req_waiting": {
            "min": 157.117212,
            "med": 1775.588487,
            "max": 2910.919129,
            "p(90)": 1870.379854,
            "p(95)": 1957.7313450000001,
            "avg": 1614.0873756663593
        },
        "checks": {
            "passes": 6528,
            "fails": 0,
            "value": 1
        },
        "vus": {
            "value": 1,
            "min": 1,
            "max": 50
        },
        "http_reqs": {
            "count": 2176,
            "rate": 27.18108927799246
        },
        "data_sent": {
            "count": 378618,
            "rate": 4729.434586514223
        },
        "vus_max": {
            "min": 50,
            "max": 50,
            "value": 50
        },
        "http_req_duration": {
            "avg": 1620.7510417265614,
            "min": 161.962425,
            "med": 1781.719876,
            "max": 2916.713521,
            "p(90)": 1876.1285404999999,
            "p(95)": 1964.4654075,
            "thresholds": {
                "p(95)<3000": false
            }
        },
        "iteration_duration": {
            "p(90)": 1877.2854915,
            "p(95)": 1965.49253075,
            "avg": 1623.2263903396106,
            "min": 162.799183,
            "med": 1782.8910455,
            "max": 2917.477261
        },
        "error_rate": {
            "passes": 0,
            "fails": 2176,
            "thresholds": {
                "rate<0.01": false
            },
            "value": 0
        },
        "http_req_receiving": {
            "max": 547.832729,
            "p(90)": 6.994123,
            "p(95)": 7.83823975,
            "avg": 6.60789724862131,
            "min": 0.690982,
            "med": 5.850528
        },
        "data_received": {
            "rate": 567881.4698493809,
            "count": 45462125
        },
        "http_req_failed": {
            "passes": 0,
            "fails": 2176,
            "value": 0
        },
        "http_req_tls_handshaking": {
            "max": 64.0189,
            "p(90)": 0,
            "p(95)": 0,
            "avg": 1.034817200367647,
            "min": 0,
            "med": 0
        },
        "ttfb_ms": {
            "p(90)": 1870.379854,
            "p(95)": 1957.7313450000001,
            "avg": 1614.0873756663593,
            "min": 157.117212,
            "med": 1775.588487,
            "max": 2910.919129
        },
        "total_requests": {
            "count": 2176,
            "rate": 27.18108927799246
        },
        "http_req_connecting": {
            "min": 0,
            "med": 0,
            "max": 21.553967,
            "p(90)": 0,
            "p(95)": 0,
            "avg": 0.37858988419117645
        }
    }
}