{
    "root_group": {
        "name": "",
        "path": "",
        "id": "d41d8cd98f00b204e9800998ecf8427e",
        "groups": {},
        "checks": {
                "status 200": {
                    "name": "status 200",
                    "path": "::status 200",
                    "id": "fad9fa412b86fcb03bee97c80dcd61f1",
                    "passes": 1751,
                    "fails": 0
                },
                "body not empty": {
                    "name": "body not empty",
                    "path": "::body not empty",
                    "id": "85076432bd9ecbfcd3fc3c4f2d4bdfe0",
                    "passes": 1751,
                    "fails": 0
                },
                "no PHP fatal": {
                    "name": "no PHP fatal",
                    "path": "::no PHP fatal",
                    "id": "2cbe457822e4680cdb27d4f07d8358dc",
                    "passes": 1751,
                    "fails": 0
                }
            }
    },
    "metrics": {
        "http_req_duration": {
            "avg": 201.71465558880647,
            "min": 157.799987,
            "med": 199.554281,
            "max": 376.755006,
            "p(90)": 226.787486,
            "p(95)": 234.75499250000001,
            "thresholds": {
                "p(95)<3000": false
            }
        },
        "http_req_duration{expected_response:true}": {
            "med": 199.554281,
            "max": 376.755006,
            "p(90)": 226.787486,
            "p(95)": 234.75499250000001,
            "avg": 201.71465558880647,
            "min": 157.799987
        },
        "http_req_sending": {
            "med": 0.049894,
            "max": 0.728974,
            "p(90)": 0.085211,
            "p(95)": 0.133722,
            "avg": 0.06069559908623647,
            "min": 0.010319
        },
        "vus_max": {
            "value": 5,
            "min": 5,
            "max": 5
        },
        "error_rate": {
            "passes": 0,
            "fails": 1751,
            "thresholds": {
                "rate<0.01": false
            },
            "value": 0
        },
        "http_reqs": {
            "count": 1751,
            "rate": 21.881442160209915
        },
        "ttfb_ms": {
            "p(90)": 220.997078,
            "p(95)": 228.686892,
            "avg": 195.94701846373474,
            "min": 152.560407,
            "med": 193.940035,
            "max": 371.203598
        },
        "http_req_connecting": {
            "avg": 0.05626168932038835,
            "min": 0,
            "med": 0,
            "max": 31.688725,
            "p(90)": 0,
            "p(95)": 0
        },
        "data_received": {
            "count": 36377603,
            "rate": 454594.1838786857
        },
        "iterations": {
            "count": 1751,
            "rate": 21.881442160209915
        },
        "vus": {
            "value": 1,
            "min": 1,
            "max": 5
        },
        "http_req_tls_handshaking": {
            "max": 53.105996,
            "p(90)": 0,
            "p(95)": 0,
            "avg": 0.1320994037692747,
            "min": 0,
            "med": 0
        },
        "checks": {
            "passes": 5253,
            "fails": 0,
            "value": 1
        },
        "http_req_waiting": {
            "max": 371.203598,
            "p(90)": 220.997078,
            "p(95)": 228.686892,
            "avg": 195.94701846373474,
            "min": 152.560407,
            "med": 193.940035
        },
        "http_req_receiving": {
            "avg": 5.706941525985144,
            "min": 0.436703,
            "med": 5.64299,
            "max": 19.667001,
            "p(90)": 6.359441,
            "p(95)": 6.7137175
        },
        "http_req_failed": {
            "passes": 0,
            "fails": 1751,
            "value": 0
        },
        "total_requests": {
            "count": 1751,
            "rate": 21.881442160209915
        },
        "data_sent": {
            "count": 246289,
            "rate": 3077.7604272963677
        },
        "iteration_duration": {
            "min": 158.699022,
            "med": 200.790342,
            "max": 377.635455,
            "p(90)": 228.03101,
            "p(95)": 236.4433515,
            "avg": 202.99749399371746
        },
        "http_req_blocked": {
            "avg": 0.1912582135922335,
            "min": 0.00015,
            "med": 0.000501,
            "max": 79.495261,
            "p(90)": 0.000882,
            "p(95)": 0.000972
        }
    }
}