{
    "root_group": {
        "groups": {},
        "checks": {
                "status 200": {
                    "name": "status 200",
                    "path": "::status 200",
                    "id": "fad9fa412b86fcb03bee97c80dcd61f1",
                    "passes": 2148,
                    "fails": 0
                },
                "body not empty": {
                    "id": "85076432bd9ecbfcd3fc3c4f2d4bdfe0",
                    "passes": 2148,
                    "fails": 0,
                    "name": "body not empty",
                    "path": "::body not empty"
                },
                "no PHP fatal": {
                    "name": "no PHP fatal",
                    "path": "::no PHP fatal",
                    "id": "2cbe457822e4680cdb27d4f07d8358dc",
                    "passes": 2148,
                    "fails": 0
                }
            },
        "name": "",
        "path": "",
        "id": "d41d8cd98f00b204e9800998ecf8427e"
    },
    "metrics": {
        "data_sent": {
            "count": 336829,
            "rate": 4207.5668995121405
        },
        "iterations": {
            "count": 2148,
            "rate": 26.8321721115227
        },
        "http_req_duration": {
            "med": 883.274912,
            "max": 1909.2869,
            "p(90)": 949.4125511999999,
            "p(95)": 991.51444445,
            "avg": 818.0714967918998,
            "min": 166.458385,
            "thresholds": {
                "p(95)<3000": false
            }
        },
        "http_req_duration{expected_response:true}": {
            "p(90)": 949.4125511999999,
            "p(95)": 991.51444445,
            "avg": 818.0714967918998,
            "min": 166.458385,
            "med": 883.274912,
            "max": 1909.2869
        },
        "http_req_failed": {
            "passes": 0,
            "fails": 2148,
            "value": 0
        },
        "ttfb_ms": {
            "p(95)": 985.9684116,
            "avg": 812.1969550814698,
            "min": 161.262515,
            "med": 877.6592330000001,
            "max": 1902.410715,
            "p(90)": 944.0225521
        },
        "checks": {
            "passes": 6444,
            "fails": 0,
            "value": 1
        },
        "vus_max": {
            "min": 25,
            "max": 25,
            "value": 25
        },
        "http_reqs": {
            "count": 2148,
            "rate": 26.8321721115227
        },
        "error_rate": {
            "passes": 0,
            "fails": 2148,
            "thresholds": {
                "rate<0.01": false
            },
            "value": 0
        },
        "http_req_sending": {
            "avg": 0.05592447951582865,
            "min": 0.009809,
            "med": 0.048045500000000005,
            "max": 0.731389,
            "p(90)": 0.07749799999999998,
            "p(95)": 0.11975244999999989
        },
        "vus": {
            "value": 1,
            "min": 1,
            "max": 25
        },
        "http_req_connecting": {
            "avg": 0.189718917132216,
            "min": 0,
            "med": 0,
            "max": 17.014029,
            "p(90)": 0,
            "p(95)": 0
        },
        "data_received": {
            "count": 44752477,
            "rate": 559034.5275982127
        },
        "total_requests": {
            "count": 2148,
            "rate": 26.8321721115227
        },
        "http_req_receiving": {
            "avg": 5.81861723091247,
            "min": 2.03648,
            "med": 5.732373,
            "max": 16.578667,
            "p(90)": 6.6919552,
            "p(95)": 7.165149699999999
        },
        "http_req_blocked": {
            "p(90)": 0.000871,
            "p(95)": 0.000992,
            "avg": 0.7046229520484165,
            "min": 0.00014,
            "med": 0.000471,
            "max": 73.30038
        },
        "http_req_tls_handshaking": {
            "max": 52.971713,
            "p(90)": 0,
            "p(95)": 0,
            "avg": 0.5097211662011173,
            "min": 0,
            "med": 0
        },
        "http_req_waiting": {
            "p(90)": 944.0225521,
            "p(95)": 985.9684116,
            "avg": 812.1969550814698,
            "min": 161.262515,
            "med": 877.6592330000001,
            "max": 1902.410715
        },
        "iteration_duration": {
            "min": 167.637999,
            "med": 884.5617865,
            "max": 1910.173801,
            "p(90)": 950.5186530000001,
            "p(95)": 993.4094345499999,
            "avg": 819.8330074795174
        }
    }
}