{
    "root_group": {
        "name": "",
        "path": "",
        "id": "d41d8cd98f00b204e9800998ecf8427e",
        "groups": {},
        "checks": {
                "status 200": {
                    "name": "status 200",
                    "path": "::status 200",
                    "id": "fad9fa412b86fcb03bee97c80dcd61f1",
                    "passes": 1904,
                    "fails": 0
                },
                "body not empty": {
                    "name": "body not empty",
                    "path": "::body not empty",
                    "id": "85076432bd9ecbfcd3fc3c4f2d4bdfe0",
                    "passes": 1904,
                    "fails": 0
                },
                "no PHP fatal": {
                    "name": "no PHP fatal",
                    "path": "::no PHP fatal",
                    "id": "2cbe457822e4680cdb27d4f07d8358dc",
                    "passes": 1904,
                    "fails": 0
                }
            }
    },
    "metrics": {
        "http_req_failed": {
            "passes": 0,
            "fails": 1904,
            "value": 0
        },
        "total_requests": {
            "count": 1904,
            "rate": 23.782953549314453
        },
        "vus_max": {
            "value": 25,
            "min": 25,
            "max": 25
        },
        "iteration_duration": {
            "avg": 924.8431311843472,
            "min": 196.717044,
            "med": 1005.9109045,
            "max": 2034.859184,
            "p(90)": 1051.3426474999999,
            "p(95)": 1121.567244
        },
        "iterations": {
            "count": 1904,
            "rate": 23.782953549314453
        },
        "checks": {
            "passes": 5712,
            "fails": 0,
            "value": 1
        },
        "ttfb_ms": {
            "p(95)": 1111.7697308,
            "avg": 913.5693232956936,
            "min": 186.782077,
            "med": 995.475435,
            "max": 2023.278836,
            "p(90)": 1040.4286941999999
        },
        "http_req_connecting": {
            "avg": 0.21976647584033615,
            "min": 0,
            "med": 0,
            "max": 18.41995,
            "p(90)": 0,
            "p(95)": 0
        },
        "error_rate": {
            "passes": 0,
            "fails": 1904,
            "thresholds": {
                "rate<0.01": false
            },
            "value": 0
        },
        "vus": {
            "value": 1,
            "min": 1,
            "max": 25
        },
        "data_received": {
            "count": 39688258,
            "rate": 495747.89730420575
        },
        "http_req_duration": {
            "p(90)": 1048.2554189,
            "p(95)": 1118.6894846999999,
            "avg": 920.769796620797,
            "min": 193.445688,
            "med": 1002.8812845,
            "max": 2030.502862,
            "thresholds": {
                "p(95)<3000": false
            }
        },
        "http_req_tls_handshaking": {
            "max": 66.418152,
            "p(90)": 0,
            "p(95)": 0,
            "avg": 0.6154668009453781,
            "min": 0,
            "med": 0
        },
        "http_req_receiving": {
            "min": 2.767526,
            "med": 6.8390955,
            "max": 44.999029,
            "p(90)": 8.2438535,
            "p(95)": 9.000526149999999,
            "avg": 7.065321170168075
        },
        "data_sent": {
            "count": 302925,
            "rate": 3783.8504222300844
        },
        "http_req_duration{expected_response:true}": {
            "p(95)": 1118.6894846999999,
            "avg": 920.769796620797,
            "min": 193.445688,
            "med": 1002.8812845,
            "max": 2030.502862,
            "p(90)": 1048.2554189
        },
        "http_req_blocked": {
            "p(95)": 0.002735,
            "avg": 0.846007006827728,
            "min": 0.000741,
            "med": 0.002054,
            "max": 87.777753,
            "p(90)": 0.002505
        },
        "http_req_sending": {
            "med": 0.11860899999999999,
            "max": 1.789583,
            "p(90)": 0.196906,
            "p(95)": 0.24259384999999997,
            "avg": 0.1351521549369748,
            "min": 0.040356
        },
        "http_req_waiting": {
            "p(90)": 1040.4286941999999,
            "p(95)": 1111.7697308,
            "avg": 913.5693232956936,
            "min": 186.782077,
            "med": 995.475435,
            "max": 2023.278836
        },
        "http_reqs": {
            "count": 1904,
            "rate": 23.782953549314453
        }
    }
}