{
    "root_group": {
        "name": "",
        "path": "",
        "id": "d41d8cd98f00b204e9800998ecf8427e",
        "groups": {},
        "checks": {
                "status 200": {
                    "name": "status 200",
                    "path": "::status 200",
                    "id": "fad9fa412b86fcb03bee97c80dcd61f1",
                    "passes": 1955,
                    "fails": 0
                },
                "body not empty": {
                    "passes": 1955,
                    "fails": 0,
                    "name": "body not empty",
                    "path": "::body not empty",
                    "id": "85076432bd9ecbfcd3fc3c4f2d4bdfe0"
                },
                "no PHP fatal": {
                    "name": "no PHP fatal",
                    "path": "::no PHP fatal",
                    "id": "2cbe457822e4680cdb27d4f07d8358dc",
                    "passes": 1955,
                    "fails": 0
                }
            }
    },
    "metrics": {
        "http_req_tls_handshaking": {
            "min": 0,
            "med": 0,
            "max": 56.846841,
            "p(90)": 0,
            "p(95)": 0,
            "avg": 1.2142808588235294
        },
        "ttfb_ms": {
            "avg": 1796.0233704941184,
            "min": 186.032815,
            "med": 1981.819807,
            "max": 3185.446019,
            "p(90)": 2051.5722754,
            "p(95)": 2175.1336668999998
        },
        "error_rate": {
            "passes": 0,
            "fails": 1955,
            "thresholds": {
                "rate<0.01": false
            },
            "value": 0
        },
        "iterations": {
            "count": 1955,
            "rate": 24.371734726093475
        },
        "vus_max": {
            "min": 50,
            "max": 50,
            "value": 50
        },
        "http_req_duration": {
            "med": 1988.863127,
            "max": 3192.848813,
            "p(90)": 2058.3552028000004,
            "p(95)": 2182.172047,
            "avg": 1803.0100862194365,
            "min": 192.991221,
            "thresholds": {
                "p(95)<3000": false
            }
        },
        "http_req_blocked": {
            "avg": 1.6640659457800446,
            "min": 0.000852,
            "med": 0.002043,
            "max": 77.204333,
            "p(90)": 0.002475,
            "p(95)": 0.0027279999999999995
        },
        "http_req_waiting": {
            "min": 186.032815,
            "med": 1981.819807,
            "max": 3185.446019,
            "p(90)": 2051.5722754,
            "p(95)": 2175.1336668999998,
            "avg": 1796.0233704941184
        },
        "http_req_failed": {
            "passes": 0,
            "fails": 1955,
            "value": 0
        },
        "total_requests": {
            "count": 1955,
            "rate": 24.371734726093475
        },
        "vus": {
            "value": 2,
            "min": 2,
            "max": 50
        },
        "http_req_duration{expected_response:true}": {
            "p(95)": 2182.172047,
            "avg": 1803.0100862194365,
            "min": 192.991221,
            "med": 1988.863127,
            "max": 3192.848813,
            "p(90)": 2058.3552028000004
        },
        "http_req_sending": {
            "avg": 0.1376060833759588,
            "min": 0.041118,
            "med": 0.11657,
            "max": 1.647295,
            "p(90)": 0.1920646,
            "p(95)": 0.253407
        },
        "data_received": {
            "count": 40871447,
            "rate": 509518.19138393295
        },
        "iteration_duration": {
            "min": 196.196001,
            "med": 1991.901936,
            "max": 3195.774979,
            "p(90)": 2062.0426476000002,
            "p(95)": 2184.9306119999997,
            "avg": 1807.7916492214847
        },
        "checks": {
            "passes": 5865,
            "fails": 0,
            "value": 1
        },
        "data_sent": {
            "count": 355138,
            "rate": 4427.278325910683
        },
        "http_req_receiving": {
            "avg": 6.849109641943728,
            "min": 2.815818,
            "med": 6.681924,
            "max": 26.34061,
            "p(90)": 7.920156600000001,
            "p(95)": 8.639215
        },
        "http_reqs": {
            "count": 1955,
            "rate": 24.371734726093475
        },
        "http_req_connecting": {
            "min": 0,
            "med": 0,
            "max": 22.020386,
            "p(90)": 0,
            "p(95)": 0,
            "avg": 0.43323940562659846
        }
    }
}