{
    "metrics": {
        "ttfb_ms": {
            "max": 677.83162,
            "p(90)": 411.7802751,
            "p(95)": 428.44507765,
            "avg": 369.08796751597407,
            "min": 161.595098,
            "med": 388.60594249999997
        },
        "iteration_duration": {
            "p(90)": 418.12471,
            "p(95)": 435.34049394999994,
            "avg": 375.9192763652823,
            "min": 167.796367,
            "med": 395.1143495,
            "max": 684.034201
        },
        "http_req_waiting": {
            "max": 677.83162,
            "p(90)": 411.7802751,
            "p(95)": 428.44507765,
            "avg": 369.08796751597407,
            "min": 161.595098,
            "med": 388.60594249999997
        },
        "total_requests": {
            "rate": 23.45884622294939,
            "count": 1878
        },
        "data_received": {
            "rate": 487757.1176256638,
            "count": 39047439
        },
        "http_req_duration": {
            "p(95)": 434.36692344999994,
            "avg": 374.9237185580402,
            "min": 167.128978,
            "med": 394.4687235,
            "max": 683.529539,
            "p(90)": 417.44481740000003,
            "thresholds": {
                "p(95)<3000": false
            }
        },
        "http_req_tls_handshaking": {
            "max": 54.964018,
            "p(90)": 0,
            "p(95)": 0,
            "avg": 0.2364456102236422,
            "min": 0,
            "med": 0
        },
        "http_req_sending": {
            "avg": 0.03116991267305642,
            "min": 0.007124,
            "med": 0.028309,
            "max": 0.37138,
            "p(90)": 0.046363,
            "p(95)": 0.05527599999999996
        },
        "data_sent": {
            "count": 273298,
            "rate": 3413.8742039614604
        },
        "vus": {
            "max": 10,
            "value": 1,
            "min": 1
        },
        "http_req_receiving": {
            "p(90)": 6.4162596,
            "p(95)": 6.86121245,
            "avg": 5.80458112939297,
            "min": 0.849311,
            "med": 5.7273700000000005,
            "max": 31.774619
        },
        "iterations": {
            "count": 1878,
            "rate": 23.45884622294939
        },
        "vus_max": {
            "min": 10,
            "max": 10,
            "value": 10
        },
        "error_rate": {
            "fails": 1878,
            "passes": 0,
            "thresholds": {
                "rate<0.01": false
            },
            "value": 0
        },
        "http_req_blocked": {
            "p(90)": 0.0006346999999999995,
            "p(95)": 0.000701,
            "avg": 0.3282090511182136,
            "min": 0.00012,
            "med": 0.000351,
            "max": 77.472542
        },
        "http_req_connecting": {
            "min": 0,
            "med": 0,
            "max": 17.447215,
            "p(90)": 0,
            "p(95)": 0,
            "avg": 0.08711284558040469
        },
        "http_req_failed": {
            "passes": 0,
            "fails": 1878,
            "value": 0
        },
        "checks": {
            "passes": 5634,
            "fails": 0,
            "value": 1
        },
        "http_req_duration{expected_response:true}": {
            "avg": 374.9237185580402,
            "min": 167.128978,
            "med": 394.4687235,
            "max": 683.529539,
            "p(90)": 417.44481740000003,
            "p(95)": 434.36692344999994
        },
        "http_reqs": {
            "count": 1878,
            "rate": 23.45884622294939
        }
    },
    "root_group": {
        "checks": {
            "status 200": {
                "name": "status 200",
                "path": "::status 200",
                "id": "fad9fa412b86fcb03bee97c80dcd61f1",
                "passes": 1878,
                "fails": 0
            },
            "body not empty": {
                "name": "body not empty",
                "path": "::body not empty",
                "id": "85076432bd9ecbfcd3fc3c4f2d4bdfe0",
                "passes": 1878,
                "fails": 0
            },
            "no PHP fatal": {
                "name": "no PHP fatal",
                "path": "::no PHP fatal",
                "id": "2cbe457822e4680cdb27d4f07d8358dc",
                "passes": 1878,
                "fails": 0
            }
        },
        "name": "",
        "path": "",
        "id": "d41d8cd98f00b204e9800998ecf8427e",
        "groups": {}
    }
}