{
    "root_group": {
        "id": "d41d8cd98f00b204e9800998ecf8427e",
        "groups": {},
        "checks": {
                "status 200": {
                    "name": "status 200",
                    "path": "::status 200",
                    "id": "fad9fa412b86fcb03bee97c80dcd61f1",
                    "passes": 1510,
                    "fails": 0
                },
                "body not empty": {
                    "passes": 1510,
                    "fails": 0,
                    "name": "body not empty",
                    "path": "::body not empty",
                    "id": "85076432bd9ecbfcd3fc3c4f2d4bdfe0"
                },
                "no PHP fatal": {
                    "id": "2cbe457822e4680cdb27d4f07d8358dc",
                    "passes": 1510,
                    "fails": 0,
                    "name": "no PHP fatal",
                    "path": "::no PHP fatal"
                }
            },
        "name": "",
        "path": ""
    },
    "metrics": {
        "http_req_failed": {
            "passes": 0,
            "fails": 1510,
            "value": 0
        },
        "vus": {
            "max": 5,
            "value": 1,
            "min": 1
        },
        "checks": {
            "passes": 4530,
            "fails": 0,
            "value": 1
        },
        "iterations": {
            "count": 1510,
            "rate": 18.853524569971967
        },
        "total_requests": {
            "count": 1510,
            "rate": 18.853524569971967
        },
        "data_sent": {
            "count": 207129,
            "rate": 2586.1666825521347
        },
        "ttfb_ms": {
            "p(95)": 321.1108857,
            "avg": 228.53513825099316,
            "min": 170.890853,
            "med": 219.452966,
            "max": 494.136593,
            "p(90)": 281.1893143000009
        },
        "vus_max": {
            "value": 5,
            "min": 5,
            "max": 5
        },
        "http_req_duration{expected_response:true}": {
            "med": 225.2276495,
            "max": 518.750857,
            "p(90)": 292.8827725000001,
            "p(95)": 322.52353065,
            "avg": 234.25024354105983,
            "min": 177.188203
        },
        "http_req_sending": {
            "p(90)": 0.048223,
            "p(95)": 0.061476,
            "avg": 0.0310861086092715,
            "min": 0.007314,
            "med": 0.027952499999999998,
            "max": 0.636049
        },
        "http_req_blocked": {
            "p(95)": 0.000711,
            "avg": 0.21273744768211889,
            "min": 0.00011,
            "med": 0.000351,
            "max": 72.628635,
            "p(90)": 0.000651
        },
        "http_req_connecting": {
            "p(95)": 0,
            "avg": 0.05616645496688742,
            "min": 0,
            "med": 0,
            "max": 18.502875,
            "p(90)": 0
        },
        "http_req_receiving": {
            "p(95)": 6.6258243,
            "avg": 5.684019181456945,
            "min": 0.556579,
            "med": 5.7979985,
            "max": 299.220605,
            "p(90)": 6.342240100000001
        },
        "http_reqs": {
            "rate": 18.853524569971967,
            "count": 1510
        },
        "http_req_tls_handshaking": {
            "avg": 0.15341065231788079,
            "min": 0,
            "med": 0,
            "max": 53.260899,
            "p(90)": 0,
            "p(95)": 0
        },
        "http_req_waiting": {
            "avg": 228.53513825099316,
            "min": 170.890853,
            "med": 219.452966,
            "max": 494.136593,
            "p(90)": 281.1893143000009,
            "p(95)": 321.1108857
        },
        "data_received": {
            "count": 31375453,
            "rate": 391746.93644337787
        },
        "error_rate": {
            "fails": 1510,
            "passes": 0,
            "thresholds": {
                "rate<0.01": false
            },
            "value": 0
        },
        "http_req_duration": {
            "avg": 234.25024354105983,
            "min": 177.188203,
            "med": 225.2276495,
            "max": 518.750857,
            "p(90)": 292.8827725000001,
            "p(95)": 322.52353065,
            "thresholds": {
                "p(95)<3000": false
            }
        },
        "iteration_duration": {
            "p(95)": 323.75947014999997,
            "avg": 235.61067040331105,
            "min": 177.917894,
            "med": 225.9751795,
            "max": 519.238426,
            "p(90)": 295.43294610000004
        }
    }
}