run_name,script,vu,run,req_per_s,p90_ms,p95_ms,p99_ms,ttfb_p95_ms,error_rate
php8.5,load-test.js,5,1,19.502378749819176,244.649647,255.489509,0,249.358072,0
php8.5,load-test.js,5,2,18.853524569971967,292.8827725000001,322.52353065,0,321.1108857,0
php8.5,load-test.js,5,3,19.263982641962592,239.3987798,250.04912619999996,0,243.84366539999996,0
php8.5,load-test.js,10,1,23.45884622294939,417.44481740000003,434.36692344999994,0,428.44507765,0
php8.5,load-test.js,10,2,23.400520241313497,440.05615120000004,461.00589759999997,0,455.1766646,0
